path,class,detected,score,box,action
data/labeled/embedder/1.85mm-F/photo_2026-05-14_CAP1149993601997136677.jpg,1.85mm-F,yes,0.924,0|0|3060|4080,cropped
data/labeled/embedder/1.85mm-F/photo_2026-05-14_CAP133370266409716465.jpg,1.85mm-F,yes,0.928,0|0|3060|4080,cropped
data/labeled/embedder/1.85mm-F/photo_2026-05-14_CAP1430832065103829457.jpg,1.85mm-F,yes,0.725,0|0|3060|4080,cropped
data/labeled/embedder/1.85mm-F/photo_2026-05-14_CAP1549492778066330776.jpg,1.85mm-F,yes,0.603,0|0|3060|4080,cropped
data/labeled/embedder/1.85mm-F/photo_2026-05-14_CAP1624605991728527196.jpg,1.85mm-F,yes,0.467,0|0|75|4080,cropped
data/labeled/embedder/1.85mm-F/photo_2026-05-14_CAP1883019301857962727.jpg,1.85mm-F,yes,0.641,0|0|3060|4080,cropped
data/labeled/embedder/1.85mm-F/photo_2026-05-14_CAP2395031020905727600.jpg,1.85mm-F,yes,0.958,0|0|3060|4080,cropped
data/labeled/embedder/1.85mm-F/photo_2026-05-14_CAP2440784343173444547.jpg,1.85mm-F,yes,0.931,0|0|3060|4080,cropped
data/labeled/embedder/1.85mm-F/photo_2026-05-14_CAP280489723537997779.jpg,1.85mm-F,yes,0.903,0|0|3060|4080,cropped
data/labeled/embedder/1.85mm-F/photo_2026-05-14_CAP2821608553377449104.jpg,1.85mm-F,yes,0.716,0|0|3060|4080,cropped
data/labeled/embedder/1.85mm-F/photo_2026-05-14_CAP2921514832290908024.jpg,1.85mm-F,yes,0.868,0|0|3060|4080,cropped
data/labeled/embedder/1.85mm-F/photo_2026-05-14_CAP2939429314133329039.jpg,1.85mm-F,yes,0.925,0|0|3060|4080,cropped
data/labeled/embedder/1.85mm-F/photo_2026-05-14_CAP3047497994019449353.jpg,1.85mm-F,yes,0.947,0|0|3060|4080,cropped
data/labeled/embedder/1.85mm-F/photo_2026-05-14_CAP3064218616670342544.jpg,1.85mm-F,yes,0.919,0|0|3060|4080,cropped
data/labeled/embedder/1.85mm-F/photo_2026-05-14_CAP345904109355676259.jpg,1.85mm-F,yes,0.900,0|0|3060|4080,cropped
data/labeled/embedder/1.85mm-F/photo_2026-05-14_CAP450836509982458971.jpg,1.85mm-F,yes,0.644,0|0|3060|4080,cropped
data/labeled/embedder/1.85mm-F/photo_2026-05-14_CAP4740813068792624298.jpg,1.85mm-F,yes,0.851,0|0|3060|4080,cropped
data/labeled/embedder/1.85mm-F/photo_2026-05-14_CAP4749039572282015521.jpg,1.85mm-F,yes,0.936,0|0|3060|4080,cropped
data/labeled/embedder/1.85mm-F/photo_2026-05-14_CAP4860721559501511121.jpg,1.85mm-F,yes,0.822,0|185|3060|4080,cropped
data/labeled/embedder/1.85mm-F/photo_2026-05-14_CAP5033620544870960332.jpg,1.85mm-F,yes,0.820,0|0|3060|4080,cropped
data/labeled/embedder/1.85mm-F/photo_2026-05-14_CAP5182538368126985977.jpg,1.85mm-F,yes,0.916,0|0|3060|4080,cropped
data/labeled/embedder/1.85mm-F/photo_2026-05-14_CAP5719396939420469165.jpg,1.85mm-F,yes,0.957,0|0|3060|4080,cropped
data/labeled/embedder/1.85mm-F/photo_2026-05-14_CAP5807186973161709687.jpg,1.85mm-F,yes,0.648,0|0|3060|4080,cropped
data/labeled/embedder/1.85mm-F/photo_2026-05-14_CAP6213527549571805137.jpg,1.85mm-F,yes,0.874,0|0|3060|4080,cropped
data/labeled/embedder/1.85mm-F/photo_2026-05-14_CAP6548223935838178845.jpg,1.85mm-F,yes,0.863,0|0|3060|4080,cropped
data/labeled/embedder/1.85mm-F/photo_2026-05-14_CAP6604716105121583193.jpg,1.85mm-F,yes,0.790,0|0|3060|4080,cropped
data/labeled/embedder/1.85mm-F/photo_2026-05-14_CAP7073799804336817433.jpg,1.85mm-F,yes,0.851,0|0|3060|4080,cropped
data/labeled/embedder/1.85mm-F/photo_2026-05-14_CAP7347684785844912365.jpg,1.85mm-F,yes,0.947,0|0|3060|4080,cropped
data/labeled/embedder/1.85mm-F/photo_2026-05-14_CAP7736208621700592391.jpg,1.85mm-F,yes,0.918,0|0|3060|4080,cropped
data/labeled/embedder/1.85mm-F/photo_2026-05-14_CAP7761863378270830721.jpg,1.85mm-F,yes,0.784,0|0|3060|4080,cropped
data/labeled/embedder/1.85mm-F/photo_2026-05-14_CAP7774864926418544475.jpg,1.85mm-F,yes,0.735,0|0|3060|4080,cropped
data/labeled/embedder/1.85mm-F/photo_2026-05-14_CAP8886866489030902270.jpg,1.85mm-F,yes,0.932,0|0|3060|4080,cropped
data/labeled/embedder/1.85mm-F/photo_2026-05-14_CAP8965137308969262679.jpg,1.85mm-F,yes,0.525,0|0|3060|4080,cropped
data/labeled/embedder/1.85mm-F/photo_2026-05-14_CAP9049392387046090517.jpg,1.85mm-F,yes,0.887,0|0|3060|4080,cropped
data/labeled/embedder/1.85mm-F/photo_2026-05-14_CAP9115676177059533123.jpg,1.85mm-F,yes,0.458,0|468|3060|4080,cropped
data/labeled/embedder/1.85mm-F/photo_2026-05-14_CAP9122869086043905742.jpg,1.85mm-F,yes,0.874,0|0|3060|4080,cropped
data/labeled/embedder/1.85mm-F/photo_2026-05-16_CAP1118102755691146398.jpg,1.85mm-F,yes,0.661,0|0|3060|4080,cropped
data/labeled/embedder/1.85mm-F/photo_2026-05-16_CAP1446720885218944183.jpg,1.85mm-F,yes,0.878,0|0|3060|4080,cropped
data/labeled/embedder/1.85mm-F/photo_2026-05-16_CAP1571399657469240256.jpg,1.85mm-F,yes,0.777,0|0|3060|4080,cropped
data/labeled/embedder/1.85mm-F/photo_2026-05-16_CAP2513248961629323069.jpg,1.85mm-F,yes,0.757,0|0|3060|4080,cropped
data/labeled/embedder/1.85mm-F/photo_2026-05-16_CAP2595106792705396798.jpg,1.85mm-F,yes,0.755,0|548|3060|4080,cropped
data/labeled/embedder/1.85mm-F/photo_2026-05-16_CAP3000030639888352018.jpg,1.85mm-F,yes,0.959,0|0|3060|3986,cropped
data/labeled/embedder/1.85mm-F/photo_2026-05-16_CAP3509355293746022423.jpg,1.85mm-F,yes,0.935,0|0|3060|4080,cropped
data/labeled/embedder/1.85mm-F/photo_2026-05-16_CAP3653310130489797643.jpg,1.85mm-F,yes,0.857,0|0|3060|4080,cropped
data/labeled/embedder/1.85mm-F/photo_2026-05-16_CAP369647032993327463.jpg,1.85mm-F,yes,0.934,0|0|3060|4063,cropped
data/labeled/embedder/1.85mm-F/photo_2026-05-16_CAP4162304858933136939.jpg,1.85mm-F,yes,0.776,0|0|3060|4080,cropped
data/labeled/embedder/1.85mm-F/photo_2026-05-16_CAP4356623754280918683.jpg,1.85mm-F,yes,0.837,0|0|3060|4080,cropped
data/labeled/embedder/1.85mm-F/photo_2026-05-16_CAP4602673466043511152.jpg,1.85mm-F,yes,0.925,0|0|3060|4080,cropped
data/labeled/embedder/1.85mm-F/photo_2026-05-16_CAP4763338401289521280.jpg,1.85mm-F,yes,0.452,0|0|3060|4080,cropped
data/labeled/embedder/1.85mm-F/photo_2026-05-16_CAP482120969456346975.jpg,1.85mm-F,yes,0.972,0|0|3060|4080,cropped
data/labeled/embedder/1.85mm-F/photo_2026-05-16_CAP5139844799502796719.jpg,1.85mm-F,yes,0.921,0|0|3060|4080,cropped
data/labeled/embedder/1.85mm-F/photo_2026-05-16_CAP5332435425909172253.jpg,1.85mm-F,yes,0.904,0|0|3060|4080,cropped
data/labeled/embedder/1.85mm-F/photo_2026-05-16_CAP5556367628145694100.jpg,1.85mm-F,yes,0.988,0|0|3060|4080,cropped
data/labeled/embedder/1.85mm-F/photo_2026-05-16_CAP5823908926607575321.jpg,1.85mm-F,yes,0.964,0|0|3060|4080,cropped
data/labeled/embedder/1.85mm-F/photo_2026-05-16_CAP6224559501847986395.jpg,1.85mm-F,yes,0.691,0|0|3060|4080,cropped
data/labeled/embedder/1.85mm-F/photo_2026-05-16_CAP6407774081729084779.jpg,1.85mm-F,yes,0.724,0|2816|3060|4080,cropped
data/labeled/embedder/1.85mm-F/photo_2026-05-16_CAP6766702318785571265.jpg,1.85mm-F,yes,0.901,0|590|3060|4080,cropped
data/labeled/embedder/1.85mm-F/photo_2026-05-16_CAP6831252735351431655.jpg,1.85mm-F,yes,0.606,0|0|3060|4080,cropped
data/labeled/embedder/1.85mm-F/photo_2026-05-16_CAP7298066871721808916.jpg,1.85mm-F,yes,0.926,0|0|3060|4080,cropped
data/labeled/embedder/1.85mm-F/photo_2026-05-16_CAP7615658914673946363.jpg,1.85mm-F,yes,0.812,0|0|3060|4080,cropped
data/labeled/embedder/1.85mm-F/photo_2026-05-16_CAP9053690337805667799.jpg,1.85mm-F,yes,0.536,0|0|3060|4080,cropped
data/labeled/embedder/1.85mm-F/photo_2026-05-16_CAP_01E8C238-D06B-41F8-885F-53DDAEA0087D.jpg,1.85mm-F,yes,0.909,0|0|3024|4032,cropped
data/labeled/embedder/1.85mm-F/photo_2026-05-16_CAP_0F7F908E-5507-4941-AE97-C4084F31074B.jpg,1.85mm-F,yes,0.750,0|0|3024|4032,cropped
data/labeled/embedder/1.85mm-F/photo_2026-05-16_CAP_493DFD16-5A0E-4603-8A56-6D677FF3F138.jpg,1.85mm-F,yes,0.937,0|0|3024|4032,cropped
data/labeled/embedder/1.85mm-F/photo_2026-05-16_CAP_497E3E45-3524-4205-B670-21F1AC7DCF3D.jpg,1.85mm-F,yes,0.498,0|0|3024|4032,cropped
data/labeled/embedder/1.85mm-F/photo_2026-05-16_CAP_4C2D4310-1493-4086-8C03-B914050EBAA7.jpg,1.85mm-F,yes,0.922,0|0|3024|4032,cropped
data/labeled/embedder/1.85mm-F/photo_2026-05-16_CAP_513EDDE7-B84F-48E4-850A-B943B64E3DC0.jpg,1.85mm-F,yes,0.952,0|0|3024|4032,cropped
data/labeled/embedder/1.85mm-F/photo_2026-05-16_CAP_68B7420F-0C6D-4224-9DDC-32E7741485F3.jpg,1.85mm-F,yes,0.452,0|0|3024|4032,cropped
data/labeled/embedder/1.85mm-F/photo_2026-05-16_CAP_6C941597-E66E-4591-B3C8-CD7237CC151B.jpg,1.85mm-F,yes,0.797,0|0|3024|4032,cropped
data/labeled/embedder/1.85mm-F/photo_2026-05-16_CAP_81938DC7-7F21-43D7-821E-B7B956019024.jpg,1.85mm-F,yes,0.948,0|0|3024|4032,cropped
data/labeled/embedder/1.85mm-F/photo_2026-05-16_CAP_8265E3F9-36FB-4D23-B7A3-33D36E146F32.jpg,1.85mm-F,yes,0.800,0|0|3024|4032,cropped
data/labeled/embedder/1.85mm-F/photo_2026-05-16_CAP_8E1E81AA-A69B-4309-AEBD-2CCBD2B1FF2B.jpg,1.85mm-F,yes,0.566,0|0|3024|4032,cropped
data/labeled/embedder/1.85mm-F/photo_2026-05-16_CAP_95DFF31A-C3C7-49C1-8C7F-5BBAA15A7206.jpg,1.85mm-F,yes,0.467,0|0|3024|4032,cropped
data/labeled/embedder/1.85mm-F/photo_2026-05-16_CAP_ACF7DB2C-4591-401F-86C4-A52998F83F16.jpg,1.85mm-F,yes,0.913,0|0|3024|4032,cropped
data/labeled/embedder/1.85mm-F/photo_2026-05-16_CAP_B7A4C0BF-A602-4414-850B-717F7BCB7C29.jpg,1.85mm-F,yes,0.940,0|0|3024|4032,cropped
data/labeled/embedder/1.85mm-F/photo_2026-05-16_CAP_DA4BC98F-AEF4-41D5-BA67-C30F192B443F.jpg,1.85mm-F,yes,0.785,0|0|3024|4032,cropped
data/labeled/embedder/1.85mm-F/photo_2026-05-16_CAP_E6CA47B8-6112-4117-88A9-AAB1ACC8A2AA.jpg,1.85mm-F,yes,0.933,0|0|3024|4032,cropped
data/labeled/embedder/1.85mm-F/photo_2026-05-16_CAP_EBCEAF74-199A-40C7-90E6-5ECD1FDDCBCD.jpg,1.85mm-F,yes,0.765,0|0|3024|4032,cropped
data/labeled/embedder/1.85mm-F/photo_2026-05-16_CAP_EC0CFADD-80F2-41AE-BF33-447975CF15C7.jpg,1.85mm-F,yes,0.843,0|0|3024|4032,cropped
data/labeled/embedder/1.85mm-F/photo_2026-05-16_CAP_F0286035-B78F-4F76-A950-46ADDA574760.jpg,1.85mm-F,yes,0.934,0|0|3024|4032,cropped
data/labeled/embedder/1.85mm-F/photo_2026-05-16_CAP_F3B55F34-3F3F-4D47-8CAA-BD325AC093EA.jpg,1.85mm-F,yes,0.512,0|0|3024|4032,cropped
data/labeled/embedder/1.85mm-F/photo_2026-05-16_CAP_F995D38D-B48C-46C0-9A88-035384D30E13.jpg,1.85mm-F,yes,0.568,0|0|3024|4032,cropped
data/labeled/embedder/1.85mm-M/photo_2026-05-14_CAP1094821294161133978.jpg,1.85mm-M,yes,0.701,0|0|3060|4080,cropped
data/labeled/embedder/1.85mm-M/photo_2026-05-14_CAP1226899604157728764.jpg,1.85mm-M,yes,0.957,0|0|3060|4080,cropped
data/labeled/embedder/1.85mm-M/photo_2026-05-14_CAP1703910346480850283.jpg,1.85mm-M,yes,0.957,0|0|3060|4080,cropped
data/labeled/embedder/1.85mm-M/photo_2026-05-14_CAP2004462137446828395.jpg,1.85mm-M,yes,0.669,0|0|3060|4080,cropped
data/labeled/embedder/1.85mm-M/photo_2026-05-14_CAP2308601901053114068.jpg,1.85mm-M,yes,0.844,0|1245|3060|4080,cropped
data/labeled/embedder/1.85mm-M/photo_2026-05-14_CAP2420414732746450748.jpg,1.85mm-M,yes,0.741,0|0|3060|4080,cropped
data/labeled/embedder/1.85mm-M/photo_2026-05-14_CAP2637879979951499593.jpg,1.85mm-M,yes,0.896,0|0|3060|4080,cropped
data/labeled/embedder/1.85mm-M/photo_2026-05-14_CAP2772046088754415900.jpg,1.85mm-M,yes,0.938,0|0|3060|4080,cropped
data/labeled/embedder/1.85mm-M/photo_2026-05-14_CAP2851460955085362961.jpg,1.85mm-M,yes,0.879,0|0|3060|4080,cropped
data/labeled/embedder/1.85mm-M/photo_2026-05-14_CAP3209472878802616471.jpg,1.85mm-M,yes,0.947,0|0|3060|4080,cropped
data/labeled/embedder/1.85mm-M/photo_2026-05-14_CAP3275692289173139605.jpg,1.85mm-M,yes,0.700,0|0|3060|4080,cropped
data/labeled/embedder/1.85mm-M/photo_2026-05-14_CAP3947944100770528213.jpg,1.85mm-M,yes,0.870,0|0|3060|4080,cropped
data/labeled/embedder/1.85mm-M/photo_2026-05-14_CAP3953564265946563538.jpg,1.85mm-M,yes,0.820,0|0|3060|4080,cropped
data/labeled/embedder/1.85mm-M/photo_2026-05-14_CAP4188378149086626624.jpg,1.85mm-M,yes,0.907,0|0|3060|4080,cropped
data/labeled/embedder/1.85mm-M/photo_2026-05-14_CAP4199244646563870556.jpg,1.85mm-M,yes,0.619,0|0|3060|4080,cropped
data/labeled/embedder/1.85mm-M/photo_2026-05-14_CAP431690590339248116.jpg,1.85mm-M,yes,0.742,0|0|3060|4080,cropped
data/labeled/embedder/1.85mm-M/photo_2026-05-14_CAP4552675000285046132.jpg,1.85mm-M,yes,0.810,0|0|3060|4080,cropped
data/labeled/embedder/1.85mm-M/photo_2026-05-14_CAP478879650439577089.jpg,1.85mm-M,yes,0.849,0|0|3060|4080,cropped
data/labeled/embedder/1.85mm-M/photo_2026-05-14_CAP5194755156078483792.jpg,1.85mm-M,yes,0.891,0|0|3060|4080,cropped
data/labeled/embedder/1.85mm-M/photo_2026-05-14_CAP6037102783878191277.jpg,1.85mm-M,yes,0.930,0|0|3060|4080,cropped
data/labeled/embedder/1.85mm-M/photo_2026-05-14_CAP6133059761187602616.jpg,1.85mm-M,yes,0.536,0|0|3060|4080,cropped
data/labeled/embedder/1.85mm-M/photo_2026-05-14_CAP6250264352336849909.jpg,1.85mm-M,yes,0.766,0|0|3060|4080,cropped
data/labeled/embedder/1.85mm-M/photo_2026-05-14_CAP6566421811524545711.jpg,1.85mm-M,yes,0.981,0|0|3060|4080,cropped
data/labeled/embedder/1.85mm-M/photo_2026-05-14_CAP7067827789204628471.jpg,1.85mm-M,yes,0.860,0|0|3060|4080,cropped
data/labeled/embedder/1.85mm-M/photo_2026-05-14_CAP7273154245473581139.jpg,1.85mm-M,yes,0.814,0|0|3060|4080,cropped
data/labeled/embedder/1.85mm-M/photo_2026-05-14_CAP8369211183965799664.jpg,1.85mm-M,yes,0.804,0|0|3060|4080,cropped
data/labeled/embedder/1.85mm-M/photo_2026-05-14_CAP8666833322294146055.jpg,1.85mm-M,yes,0.659,0|0|3060|4080,cropped
data/labeled/embedder/1.85mm-M/photo_2026-05-14_CAP9138525094731991829.jpg,1.85mm-M,yes,0.741,0|0|3060|4080,cropped
data/labeled/embedder/1.85mm-M/photo_2026-05-16_CAP1496784988568939804.jpg,1.85mm-M,yes,0.969,0|0|3060|4080,cropped
data/labeled/embedder/1.85mm-M/photo_2026-05-16_CAP1774596311556121710.jpg,1.85mm-M,yes,0.629,0|0|3060|4080,cropped
data/labeled/embedder/1.85mm-M/photo_2026-05-16_CAP1963463001533740745.jpg,1.85mm-M,yes,0.948,0|0|3060|4080,cropped
data/labeled/embedder/1.85mm-M/photo_2026-05-16_CAP2144681578713291080.jpg,1.85mm-M,yes,0.741,0|0|3060|4080,cropped
data/labeled/embedder/1.85mm-M/photo_2026-05-16_CAP2628496611805867184.jpg,1.85mm-M,yes,0.719,0|0|3060|4080,cropped
data/labeled/embedder/1.85mm-M/photo_2026-05-16_CAP3817162039279338826.jpg,1.85mm-M,yes,0.906,0|0|3060|4080,cropped
data/labeled/embedder/1.85mm-M/photo_2026-05-16_CAP4371418232947215208.jpg,1.85mm-M,yes,0.896,0|0|3060|4080,cropped
data/labeled/embedder/1.85mm-M/photo_2026-05-16_CAP4872857627550062005.jpg,1.85mm-M,yes,0.966,0|0|3060|4080,cropped
data/labeled/embedder/1.85mm-M/photo_2026-05-16_CAP572656675038366593.jpg,1.85mm-M,yes,0.977,0|0|3060|4080,cropped
data/labeled/embedder/1.85mm-M/photo_2026-05-16_CAP5763717440628200356.jpg,1.85mm-M,yes,0.744,0|0|3060|3798,cropped
data/labeled/embedder/1.85mm-M/photo_2026-05-16_CAP600182745375233386.jpg,1.85mm-M,yes,0.490,0|0|3060|4080,cropped
data/labeled/embedder/1.85mm-M/photo_2026-05-16_CAP6198067089846263145.jpg,1.85mm-M,yes,0.451,0|0|3060|4080,cropped
data/labeled/embedder/1.85mm-M/photo_2026-05-16_CAP6312438119867715885.jpg,1.85mm-M,yes,0.965,0|0|3060|4080,cropped
data/labeled/embedder/1.85mm-M/photo_2026-05-16_CAP6334418723335326160.jpg,1.85mm-M,yes,0.982,0|0|3060|4080,cropped
data/labeled/embedder/1.85mm-M/photo_2026-05-16_CAP6460867142878697189.jpg,1.85mm-M,yes,0.737,0|0|3060|3976,cropped
data/labeled/embedder/1.85mm-M/photo_2026-05-16_CAP6476731216732816335.jpg,1.85mm-M,yes,0.980,0|0|3060|4080,cropped
data/labeled/embedder/1.85mm-M/photo_2026-05-16_CAP6693196700273864421.jpg,1.85mm-M,yes,0.943,0|0|3060|4080,cropped
data/labeled/embedder/1.85mm-M/photo_2026-05-16_CAP7541549248284435830.jpg,1.85mm-M,yes,0.841,0|0|3060|4080,cropped
data/labeled/embedder/1.85mm-M/photo_2026-05-16_CAP7566281171641537476.jpg,1.85mm-M,yes,0.722,0|0|3060|4080,cropped
data/labeled/embedder/1.85mm-M/photo_2026-05-16_CAP7618222231542002176.jpg,1.85mm-M,yes,0.883,0|0|3060|4080,cropped
data/labeled/embedder/1.85mm-M/photo_2026-05-16_CAP8827695537787958410.jpg,1.85mm-M,yes,0.877,0|0|3060|4080,cropped
data/labeled/embedder/1.85mm-M/photo_2026-05-16_CAP_070245DF-3D35-4F5A-852B-8C7594DF652A.jpg,1.85mm-M,yes,0.639,0|0|3024|4032,cropped
data/labeled/embedder/1.85mm-M/photo_2026-05-16_CAP_1747B754-F51F-4C0D-8EC2-81A15738958B.jpg,1.85mm-M,yes,0.867,0|0|3024|4032,cropped
data/labeled/embedder/1.85mm-M/photo_2026-05-16_CAP_1BEA4F2A-DCE6-455F-9B98-5BA51C407C4E.jpg,1.85mm-M,yes,0.979,0|0|3024|4032,cropped
data/labeled/embedder/1.85mm-M/photo_2026-05-16_CAP_29744236-C892-4753-AC29-39CD625AF294.jpg,1.85mm-M,yes,0.951,0|0|3024|4032,cropped
data/labeled/embedder/1.85mm-M/photo_2026-05-16_CAP_34F0EC34-F31A-413D-A4C3-288116A4507C.jpg,1.85mm-M,yes,0.869,0|0|3024|4032,cropped
data/labeled/embedder/1.85mm-M/photo_2026-05-16_CAP_408E586A-C524-43E3-9F38-9EC9385E94BB.jpg,1.85mm-M,yes,0.949,0|0|3024|4032,cropped
data/labeled/embedder/1.85mm-M/photo_2026-05-16_CAP_4D2A1E3D-629C-473D-8D10-0ED32124D4E8.jpg,1.85mm-M,yes,0.804,0|0|3024|4032,cropped
data/labeled/embedder/1.85mm-M/photo_2026-05-16_CAP_4FF3E4EA-1412-4D7B-9CBD-E1FD07D2EEB5.jpg,1.85mm-M,yes,0.915,0|0|3024|4032,cropped
data/labeled/embedder/1.85mm-M/photo_2026-05-16_CAP_571773F4-7272-47EF-B062-DC6EECFC5BA3.jpg,1.85mm-M,yes,0.510,0|0|3024|4032,cropped
data/labeled/embedder/1.85mm-M/photo_2026-05-16_CAP_5BECB4CE-032B-4EF6-AE8F-A388CB177E81.jpg,1.85mm-M,yes,0.794,0|0|3024|4032,cropped
data/labeled/embedder/1.85mm-M/photo_2026-05-16_CAP_63784FE5-18ED-4E03-A184-69C1576BB362.jpg,1.85mm-M,yes,0.954,0|0|3024|4032,cropped
data/labeled/embedder/1.85mm-M/photo_2026-05-16_CAP_64A65395-982B-4236-B39B-6921CEFAFAC0.jpg,1.85mm-M,yes,0.946,0|0|3024|4032,cropped
data/labeled/embedder/1.85mm-M/photo_2026-05-16_CAP_6D4EBE5F-3AC3-42C7-94ED-E9151968FF4D.jpg,1.85mm-M,yes,0.560,0|0|3024|4032,cropped
data/labeled/embedder/1.85mm-M/photo_2026-05-16_CAP_6E841B1E-5F6D-480F-AB83-044D59520C84.jpg,1.85mm-M,yes,0.960,0|0|3024|4032,cropped
data/labeled/embedder/1.85mm-M/photo_2026-05-16_CAP_725387A8-743F-424D-B58E-E6EB13A08B27.jpg,1.85mm-M,yes,0.402,0|0|77|4032,cropped
data/labeled/embedder/1.85mm-M/photo_2026-05-16_CAP_754FA787-D4C5-4852-AFA6-4F679BE1BE8B.jpg,1.85mm-M,yes,0.901,0|0|3024|4032,cropped
data/labeled/embedder/1.85mm-M/photo_2026-05-16_CAP_7A03E619-9239-4AE1-8CB6-3201223CBFAC.jpg,1.85mm-M,yes,0.516,0|0|3024|4032,cropped
data/labeled/embedder/1.85mm-M/photo_2026-05-16_CAP_8F74A668-3F60-446B-97C7-7A4754079E09.jpg,1.85mm-M,yes,0.648,0|0|3024|4032,cropped
data/labeled/embedder/1.85mm-M/photo_2026-05-16_CAP_924E39C3-6240-441C-8178-88459B7C908D.jpg,1.85mm-M,yes,0.965,0|0|3024|4032,cropped
data/labeled/embedder/1.85mm-M/photo_2026-05-16_CAP_9A42C817-56F9-4369-87F1-157D5085D9C2.jpg,1.85mm-M,yes,0.916,0|0|3024|4032,cropped
data/labeled/embedder/1.85mm-M/photo_2026-05-16_CAP_9AEB5D35-72B7-4F96-A3AC-883415838242.jpg,1.85mm-M,yes,0.533,0|0|3024|4032,cropped
data/labeled/embedder/1.85mm-M/photo_2026-05-16_CAP_A1B4843E-8D94-40E9-A361-2F36947C2716.jpg,1.85mm-M,yes,0.605,0|0|3024|4032,cropped
data/labeled/embedder/1.85mm-M/photo_2026-05-16_CAP_A3F86AC5-0B09-4EEB-AA33-0A27FA629AB6.jpg,1.85mm-M,yes,0.942,0|0|3024|4032,cropped
data/labeled/embedder/1.85mm-M/photo_2026-05-16_CAP_A911512D-44C1-46B1-9C8B-133A761E2EFB.jpg,1.85mm-M,yes,0.974,0|0|3024|4032,cropped
data/labeled/embedder/1.85mm-M/photo_2026-05-16_CAP_AB1E7A09-F1A5-426C-BDBD-C54DC9A5C2CC.jpg,1.85mm-M,yes,0.491,0|0|3024|4032,cropped
data/labeled/embedder/1.85mm-M/photo_2026-05-16_CAP_B08DDF5B-5EE1-4289-AE6B-41EF9E58F920.jpg,1.85mm-M,yes,0.557,0|0|3024|4032,cropped
data/labeled/embedder/1.85mm-M/photo_2026-05-16_CAP_B37CB67D-09F1-47FB-AFEC-BEC1A25CF0B9.jpg,1.85mm-M,yes,0.981,0|0|3024|4032,cropped
data/labeled/embedder/1.85mm-M/photo_2026-05-16_CAP_B759D73C-C69A-4FB5-AE6C-60A12A87C0BF.jpg,1.85mm-M,yes,0.978,0|0|3024|4032,cropped
data/labeled/embedder/1.85mm-M/photo_2026-05-16_CAP_C3472A5A-2D77-4BE9-A739-38D6A7A4E076.jpg,1.85mm-M,yes,0.983,0|0|3024|4032,cropped
data/labeled/embedder/1.85mm-M/photo_2026-05-16_CAP_D47B03F4-3AC6-4E34-A989-C4A956D69B8F.jpg,1.85mm-M,yes,0.653,0|0|3024|4032,cropped
data/labeled/embedder/1.85mm-M/photo_2026-05-16_CAP_D79175F4-F55A-49D7-8867-C75500C709C6.jpg,1.85mm-M,yes,0.391,0|0|77|4032,cropped_lowconf
data/labeled/embedder/1.85mm-M/photo_2026-05-16_CAP_D8301973-CC83-4B14-8BEC-6575C2061B74.jpg,1.85mm-M,yes,0.405,2950|0|3024|4032,cropped
data/labeled/embedder/1.85mm-M/photo_2026-05-16_CAP_E232C24A-30D9-43D9-8392-8221289A26EA.jpg,1.85mm-M,yes,0.903,0|0|3024|4032,cropped
data/labeled/embedder/1.85mm-M/photo_2026-05-16_CAP_E4E309EC-B029-4E21-9F0F-3867042CF8B3.jpg,1.85mm-M,yes,0.922,0|0|3024|4032,cropped
data/labeled/embedder/1.85mm-M/photo_2026-05-16_CAP_EE036DDC-7E05-4BD8-B204-FABE28443C2E.jpg,1.85mm-M,yes,0.985,0|0|3024|4032,cropped
data/labeled/embedder/1.85mm-M/photo_2026-05-16_CAP_F87AFCF6-5BAA-4DA0-95EC-9D0CD4C19145.jpg,1.85mm-M,yes,0.701,0|0|3024|4032,cropped
data/labeled/embedder/1.85mm-M/photo_2026-05-16_CAP_FA5E9728-454C-4E96-A0F2-644D2865ED1D.jpg,1.85mm-M,yes,0.911,0|0|3024|4032,cropped
data/labeled/embedder/2.4mm-F/photo_2026-05-14_CAP1187665559120071766.jpg,2.4mm-F,yes,0.837,0|0|3060|4080,cropped
data/labeled/embedder/2.4mm-F/photo_2026-05-14_CAP1465469418021681067.jpg,2.4mm-F,yes,0.881,0|0|3060|4080,cropped
data/labeled/embedder/2.4mm-F/photo_2026-05-14_CAP2525564463073734043.jpg,2.4mm-F,yes,0.913,0|0|3060|4080,cropped
data/labeled/embedder/2.4mm-F/photo_2026-05-14_CAP3642350084524908115.jpg,2.4mm-F,yes,0.647,0|0|3060|4080,cropped
data/labeled/embedder/2.4mm-F/photo_2026-05-14_CAP4236041153399031235.jpg,2.4mm-F,yes,0.551,0|0|3060|4080,cropped
data/labeled/embedder/2.4mm-F/photo_2026-05-14_CAP4300465350402299912.jpg,2.4mm-F,yes,0.765,0|0|3060|4080,cropped
data/labeled/embedder/2.4mm-F/photo_2026-05-14_CAP4335004129644552481.jpg,2.4mm-F,yes,0.933,0|0|3060|4080,cropped
data/labeled/embedder/2.4mm-F/photo_2026-05-14_CAP4616077316975410191.jpg,2.4mm-F,yes,0.784,0|0|3060|4080,cropped
data/labeled/embedder/2.4mm-F/photo_2026-05-14_CAP4736329186441530918.jpg,2.4mm-F,yes,0.954,0|0|3060|4080,cropped
data/labeled/embedder/2.4mm-F/photo_2026-05-14_CAP5270980921832602358.jpg,2.4mm-F,yes,0.903,0|0|3060|4080,cropped
data/labeled/embedder/2.4mm-F/photo_2026-05-16_CAP2101646959288919339.jpg,2.4mm-F,yes,0.706,0|734|3060|4080,cropped
data/labeled/embedder/2.4mm-F/photo_2026-05-16_CAP2102085932546681648.jpg,2.4mm-F,yes,0.848,0|0|3060|4080,cropped
data/labeled/embedder/2.4mm-F/photo_2026-05-16_CAP2414349402136630575.jpg,2.4mm-F,yes,0.899,0|0|3060|4080,cropped
data/labeled/embedder/2.4mm-F/photo_2026-05-16_CAP2645462039793682976.jpg,2.4mm-F,yes,0.604,0|0|3060|4080,cropped
data/labeled/embedder/2.4mm-F/photo_2026-05-16_CAP2717268804096996616.jpg,2.4mm-F,yes,0.623,0|0|3060|4080,cropped
data/labeled/embedder/2.4mm-F/photo_2026-05-16_CAP2927219284697935221.jpg,2.4mm-F,yes,0.698,0|0|3060|4080,cropped
data/labeled/embedder/2.4mm-F/photo_2026-05-16_CAP3496343642769674529.jpg,2.4mm-F,yes,0.923,0|0|3060|4080,cropped
data/labeled/embedder/2.4mm-F/photo_2026-05-16_CAP3567202519400111937.jpg,2.4mm-F,yes,0.975,0|0|3060|4080,cropped
data/labeled/embedder/2.4mm-F/photo_2026-05-16_CAP3741469842938713876.jpg,2.4mm-F,yes,0.604,0|0|3060|4080,cropped
data/labeled/embedder/2.4mm-F/photo_2026-05-16_CAP3868563708285982729.jpg,2.4mm-F,yes,0.941,0|0|3060|4080,cropped
data/labeled/embedder/2.4mm-F/photo_2026-05-16_CAP4015261700293293272.jpg,2.4mm-F,yes,0.754,0|0|3060|4080,cropped
data/labeled/embedder/2.4mm-F/photo_2026-05-16_CAP5310564930427363396.jpg,2.4mm-F,yes,0.977,0|0|3060|4080,cropped
data/labeled/embedder/2.4mm-F/photo_2026-05-16_CAP5346652542349582926.jpg,2.4mm-F,yes,0.665,0|0|3060|4080,cropped
data/labeled/embedder/2.4mm-F/photo_2026-05-16_CAP5421987269736592492.jpg,2.4mm-F,yes,0.922,0|0|3060|4080,cropped
data/labeled/embedder/2.4mm-F/photo_2026-05-16_CAP5475350744517623576.jpg,2.4mm-F,yes,0.733,0|0|3060|4080,cropped
data/labeled/embedder/2.4mm-F/photo_2026-05-16_CAP5852871981433053545.jpg,2.4mm-F,yes,0.918,0|0|3060|4080,cropped
data/labeled/embedder/2.4mm-F/photo_2026-05-16_CAP598970687497628723.jpg,2.4mm-F,yes,0.971,0|0|3060|4080,cropped
data/labeled/embedder/2.4mm-F/photo_2026-05-16_CAP6481656788793798302.jpg,2.4mm-F,yes,0.941,0|0|3060|4080,cropped
data/labeled/embedder/2.4mm-F/photo_2026-05-16_CAP6514500971227037830.jpg,2.4mm-F,yes,0.970,0|0|3060|4080,cropped
data/labeled/embedder/2.4mm-F/photo_2026-05-16_CAP6624668935452505364.jpg,2.4mm-F,yes,0.933,0|0|3060|4080,cropped
data/labeled/embedder/2.4mm-F/photo_2026-05-16_CAP6664532566951525228.jpg,2.4mm-F,yes,0.543,0|0|3060|4080,cropped
data/labeled/embedder/2.4mm-F/photo_2026-05-16_CAP7279632359905173309.jpg,2.4mm-F,yes,0.780,0|0|3060|4080,cropped
data/labeled/embedder/2.4mm-F/photo_2026-05-16_CAP7320230952083800118.jpg,2.4mm-F,yes,0.588,0|0|3060|4080,cropped
data/labeled/embedder/2.4mm-F/photo_2026-05-16_CAP8163950189836124406.jpg,2.4mm-F,yes,0.628,0|0|3060|4080,cropped
data/labeled/embedder/2.4mm-F/photo_2026-05-16_CAP8673086972646842878.jpg,2.4mm-F,yes,0.906,0|0|3060|4080,cropped
data/labeled/embedder/2.4mm-F/photo_2026-05-16_CAP_242C5992-167A-44C4-8990-013409FA9984.jpg,2.4mm-F,yes,0.841,0|0|3024|4032,cropped
data/labeled/embedder/2.4mm-F/photo_2026-05-16_CAP_3222CB6F-0FB2-486B-B63A-8D72AF1A1BB5.jpg,2.4mm-F,yes,0.816,0|0|3024|4032,cropped
data/labeled/embedder/2.4mm-F/photo_2026-05-16_CAP_52A99F24-A826-4A1A-B2B6-7B1E82D8E181.jpg,2.4mm-F,yes,0.849,0|0|3024|4032,cropped
data/labeled/embedder/2.4mm-F/photo_2026-05-16_CAP_5CC791E1-EAE3-4A62-9A9B-77820F69B14C.jpg,2.4mm-F,yes,0.924,0|0|3024|4032,cropped
data/labeled/embedder/2.4mm-F/photo_2026-05-16_CAP_6512EECA-12CE-4614-9C30-18B0DA10F496.jpg,2.4mm-F,yes,0.937,0|0|3024|4032,cropped
data/labeled/embedder/2.4mm-F/photo_2026-05-16_CAP_65F31C33-82F0-405B-8F08-6DC786555259.jpg,2.4mm-F,yes,0.514,0|0|3024|4032,cropped
data/labeled/embedder/2.4mm-F/photo_2026-05-16_CAP_6DB74BCC-6760-4F63-AB09-0EC9F1AC943D.jpg,2.4mm-F,yes,0.760,0|0|3024|4032,cropped
data/labeled/embedder/2.4mm-F/photo_2026-05-16_CAP_6DFA41A8-3BC9-4EDA-B0E2-0719C8F13E05.jpg,2.4mm-F,yes,0.868,0|0|3024|4032,cropped
data/labeled/embedder/2.4mm-F/photo_2026-05-16_CAP_71EEB8AB-692E-4491-AAC2-E7D40CA44A24.jpg,2.4mm-F,yes,0.745,0|0|3024|4032,cropped
data/labeled/embedder/2.4mm-F/photo_2026-05-16_CAP_7D4790AA-83C5-48B5-9936-A5A79582C349.jpg,2.4mm-F,yes,0.785,0|0|3024|4032,cropped
data/labeled/embedder/2.4mm-F/photo_2026-05-16_CAP_7F3C3177-CA70-46FB-9D25-B1CD0CECF62C.jpg,2.4mm-F,yes,0.900,0|0|3024|4032,cropped
data/labeled/embedder/2.4mm-F/photo_2026-05-16_CAP_940B6BBF-0DC8-4816-9338-6FBC0F403D21.jpg,2.4mm-F,yes,0.909,0|0|3024|4032,cropped
data/labeled/embedder/2.4mm-F/photo_2026-05-16_CAP_97ED751B-1ACE-4025-84B7-B9B15D10CBB6.jpg,2.4mm-F,yes,0.594,0|0|3024|4032,cropped
data/labeled/embedder/2.4mm-F/photo_2026-05-16_CAP_9C1ED041-0877-45CB-8C8A-6A0E3F7EB21E.jpg,2.4mm-F,yes,0.908,0|0|3024|4032,cropped
data/labeled/embedder/2.4mm-F/photo_2026-05-16_CAP_A70359FC-FE54-4625-ACC8-2A2B52DD024A.jpg,2.4mm-F,yes,0.934,0|0|3024|4032,cropped
data/labeled/embedder/2.4mm-F/photo_2026-05-16_CAP_ABA3D03C-B42D-4AFA-B5E2-4E47A57472A5.jpg,2.4mm-F,yes,0.588,0|0|3024|4032,cropped
data/labeled/embedder/2.4mm-F/photo_2026-05-16_CAP_AC110D0D-D8BB-4AF2-B8ED-5CB1E1861188.jpg,2.4mm-F,yes,0.792,0|0|3024|4032,cropped
data/labeled/embedder/2.4mm-F/photo_2026-05-16_CAP_AE4BBD7F-6E63-4532-A771-05B89B25985E.jpg,2.4mm-F,yes,0.928,0|0|3024|4032,cropped
data/labeled/embedder/2.4mm-F/photo_2026-05-16_CAP_D61BE66A-C8E5-482E-B299-DE8C504FC829.jpg,2.4mm-F,yes,0.638,0|0|3024|4032,cropped
data/labeled/embedder/2.4mm-F/photo_2026-05-16_CAP_D99DEFFD-FF7A-4A4F-B6EA-EA13D5081F4B.jpg,2.4mm-F,yes,0.853,0|0|3024|4032,cropped
data/labeled/embedder/2.4mm-F/photo_2026-05-16_CAP_DC486C94-4C05-4B97-9513-1A10AABA4B69.jpg,2.4mm-F,yes,0.838,0|0|3024|4032,cropped
data/labeled/embedder/2.4mm-F/photo_2026-05-16_CAP_E1C859A7-A0DB-4484-A7D4-F73BE8806EBD.jpg,2.4mm-F,yes,0.779,0|0|3024|4032,cropped
data/labeled/embedder/2.4mm-F/photo_2026-05-16_CAP_E9DCE299-3310-4870-8328-913E86AA4292.jpg,2.4mm-F,yes,0.925,0|0|3024|4032,cropped
data/labeled/embedder/2.4mm-F/photo_2026-05-16_CAP_F9ACBC11-4C13-467D-9AA9-8302854ED0DF.jpg,2.4mm-F,yes,0.437,0|0|3024|4032,cropped
data/labeled/embedder/2.4mm-M/photo_2026-05-14_CAP1058398917827117621.jpg,2.4mm-M,yes,0.658,0|0|3060|3411,cropped
data/labeled/embedder/2.4mm-M/photo_2026-05-14_CAP1188301454300724711.jpg,2.4mm-M,yes,0.533,0|0|3060|4080,cropped
data/labeled/embedder/2.4mm-M/photo_2026-05-14_CAP1828537009811264442.jpg,2.4mm-M,yes,0.769,0|0|3060|4080,cropped
data/labeled/embedder/2.4mm-M/photo_2026-05-14_CAP2813243639415668121.jpg,2.4mm-M,yes,0.962,0|0|3060|4080,cropped
data/labeled/embedder/2.4mm-M/photo_2026-05-14_CAP5256647354485076569.jpg,2.4mm-M,yes,0.952,0|0|3060|4080,cropped
data/labeled/embedder/2.4mm-M/photo_2026-05-14_CAP5435682971226546703.jpg,2.4mm-M,yes,0.953,0|0|3060|2872,cropped
data/labeled/embedder/2.4mm-M/photo_2026-05-14_CAP6027988834919780117.jpg,2.4mm-M,yes,0.807,0|0|3060|4080,cropped
data/labeled/embedder/2.4mm-M/photo_2026-05-14_CAP6880755855414809820.jpg,2.4mm-M,yes,0.787,0|0|3060|4080,cropped
data/labeled/embedder/2.4mm-M/photo_2026-05-14_CAP7093933299360991645.jpg,2.4mm-M,yes,0.678,0|0|3060|4080,cropped
data/labeled/embedder/2.4mm-M/photo_2026-05-14_CAP732735079914817767.jpg,2.4mm-M,yes,0.960,0|0|3060|4080,cropped
data/labeled/embedder/2.4mm-M/photo_2026-05-14_CAP7390130373840929833.jpg,2.4mm-M,yes,0.847,0|0|3060|4080,cropped
data/labeled/embedder/2.4mm-M/photo_2026-05-14_CAP7552165820942689945.jpg,2.4mm-M,yes,0.770,0|0|3060|4080,cropped
data/labeled/embedder/2.4mm-M/photo_2026-05-14_CAP7721343694969399750.jpg,2.4mm-M,yes,0.920,0|0|3060|4080,cropped
data/labeled/embedder/2.4mm-M/photo_2026-05-14_CAP7786741120533130972.jpg,2.4mm-M,yes,0.953,0|0|3060|4080,cropped
data/labeled/embedder/2.4mm-M/photo_2026-05-14_CAP8363161045160153451.jpg,2.4mm-M,yes,0.510,0|0|3060|4080,cropped
data/labeled/embedder/2.4mm-M/photo_2026-05-14_CAP8626994616840107946.jpg,2.4mm-M,yes,0.567,0|0|3060|4080,cropped
data/labeled/embedder/2.4mm-M/photo_2026-05-16_CAP103827453017749416.jpg,2.4mm-M,yes,0.875,0|0|3060|4080,cropped
data/labeled/embedder/2.4mm-M/photo_2026-05-16_CAP2153735352189254114.jpg,2.4mm-M,yes,0.784,0|0|3060|4080,cropped
data/labeled/embedder/2.4mm-M/photo_2026-05-16_CAP2554096273939338277.jpg,2.4mm-M,yes,0.622,0|0|3060|4080,cropped
data/labeled/embedder/2.4mm-M/photo_2026-05-16_CAP2894410599279232820.jpg,2.4mm-M,yes,0.860,0|318|3060|4080,cropped
data/labeled/embedder/2.4mm-M/photo_2026-05-16_CAP3168949621201812297.jpg,2.4mm-M,yes,0.593,0|0|3060|4080,cropped
data/labeled/embedder/2.4mm-M/photo_2026-05-16_CAP3399682620412805268.jpg,2.4mm-M,yes,0.943,0|0|3060|2095,cropped
data/labeled/embedder/2.4mm-M/photo_2026-05-16_CAP4343154564106182830.jpg,2.4mm-M,yes,0.836,0|0|3060|4080,cropped
data/labeled/embedder/2.4mm-M/photo_2026-05-16_CAP5227708834443221949.jpg,2.4mm-M,yes,0.947,0|0|3060|4080,cropped
data/labeled/embedder/2.4mm-M/photo_2026-05-16_CAP5293717907983476324.jpg,2.4mm-M,yes,0.698,0|0|3060|4080,cropped
data/labeled/embedder/2.4mm-M/photo_2026-05-16_CAP5826762968818729679.jpg,2.4mm-M,yes,0.727,0|0|3060|4080,cropped
data/labeled/embedder/2.4mm-M/photo_2026-05-16_CAP5911110888965041371.jpg,2.4mm-M,yes,0.981,0|0|3060|4080,cropped
data/labeled/embedder/2.4mm-M/photo_2026-05-16_CAP6159808660535701924.jpg,2.4mm-M,yes,0.973,0|0|3060|4080,cropped
data/labeled/embedder/2.4mm-M/photo_2026-05-16_CAP617641071026838493.jpg,2.4mm-M,yes,0.809,0|0|3060|4080,cropped
data/labeled/embedder/2.4mm-M/photo_2026-05-16_CAP6177751125636646430.jpg,2.4mm-M,yes,0.897,0|0|3060|4080,cropped
data/labeled/embedder/2.4mm-M/photo_2026-05-16_CAP6657880426025932550.jpg,2.4mm-M,yes,0.956,0|0|3060|4080,cropped
data/labeled/embedder/2.4mm-M/photo_2026-05-16_CAP6801655044872228223.jpg,2.4mm-M,yes,0.922,0|0|3060|4080,cropped
data/labeled/embedder/2.4mm-M/photo_2026-05-16_CAP68376127299875076.jpg,2.4mm-M,yes,0.939,0|0|3060|4080,cropped
data/labeled/embedder/2.4mm-M/photo_2026-05-16_CAP7161399567085005783.jpg,2.4mm-M,yes,0.909,0|0|3060|4080,cropped
data/labeled/embedder/2.4mm-M/photo_2026-05-16_CAP8174327323794446085.jpg,2.4mm-M,yes,0.921,0|0|3060|4080,cropped
data/labeled/embedder/2.4mm-M/photo_2026-05-16_CAP8438615417296181859.jpg,2.4mm-M,yes,0.684,0|0|3060|4080,cropped
data/labeled/embedder/2.4mm-M/photo_2026-05-16_CAP8840080085444767299.jpg,2.4mm-M,yes,0.876,0|0|3060|4080,cropped
data/labeled/embedder/2.4mm-M/photo_2026-05-16_CAP8946386828949211625.jpg,2.4mm-M,yes,0.665,0|0|3060|4080,cropped
data/labeled/embedder/2.4mm-M/photo_2026-05-16_CAP8966058846300621386.jpg,2.4mm-M,yes,0.615,0|0|3060|4080,cropped
data/labeled/embedder/2.4mm-M/photo_2026-05-16_CAP_02D7909B-A382-4E0D-AF6E-C41D2AF6DCA5.jpg,2.4mm-M,yes,0.357,0|0|3024|4032,cropped_lowconf
data/labeled/embedder/2.4mm-M/photo_2026-05-16_CAP_11C2E3BF-13A3-4377-9DA1-2364303C53F5.jpg,2.4mm-M,yes,0.544,0|0|3024|4032,cropped
data/labeled/embedder/2.4mm-M/photo_2026-05-16_CAP_17ECAB58-AB5D-4379-86DC-AD5820672273.jpg,2.4mm-M,yes,0.920,0|0|3024|4032,cropped
data/labeled/embedder/2.4mm-M/photo_2026-05-16_CAP_5E986610-0947-49D4-89CD-C5DAC159C64E.jpg,2.4mm-M,yes,0.919,0|0|3024|4032,cropped
data/labeled/embedder/2.4mm-M/photo_2026-05-16_CAP_60EFA917-C6B0-4857-AA04-45F4D3FF1A38.jpg,2.4mm-M,yes,0.601,0|0|3024|4032,cropped
data/labeled/embedder/2.4mm-M/photo_2026-05-16_CAP_62425999-E6A4-4711-8998-F3AFFD8D5C76.jpg,2.4mm-M,yes,0.598,0|0|3024|4032,cropped
data/labeled/embedder/2.4mm-M/photo_2026-05-16_CAP_6B9DDE98-A5A7-4791-9703-57B44FD90A4C.jpg,2.4mm-M,yes,0.746,0|0|3024|4032,cropped
data/labeled/embedder/2.4mm-M/photo_2026-05-16_CAP_7862C34D-6E01-495D-84B3-838CE0EF361A.jpg,2.4mm-M,yes,0.988,0|0|3024|4032,cropped
data/labeled/embedder/2.4mm-M/photo_2026-05-16_CAP_787239B0-5336-48F7-A387-2889FFB77509.jpg,2.4mm-M,yes,0.855,0|121|3024|4032,cropped
data/labeled/embedder/2.4mm-M/photo_2026-05-16_CAP_7E3E60F3-B50F-4B7C-95EC-4612CD0D6FC6.jpg,2.4mm-M,yes,0.926,0|0|3024|3996,cropped
data/labeled/embedder/2.4mm-M/photo_2026-05-16_CAP_894E33B5-8399-477A-AA77-90116DA57C84.jpg,2.4mm-M,yes,0.976,0|0|3024|4032,cropped
data/labeled/embedder/2.4mm-M/photo_2026-05-16_CAP_973B7619-7DB5-49D0-B8C8-6BD280A0BE12.jpg,2.4mm-M,yes,0.442,0|0|3024|4032,cropped
data/labeled/embedder/2.4mm-M/photo_2026-05-16_CAP_99D46A66-7EAB-4360-851F-554FA2784165.jpg,2.4mm-M,yes,0.694,0|0|3024|4032,cropped
data/labeled/embedder/2.4mm-M/photo_2026-05-16_CAP_A2FB8D76-1524-430B-8384-07F1B389BC65.jpg,2.4mm-M,yes,0.462,0|0|3024|4032,cropped
data/labeled/embedder/2.4mm-M/photo_2026-05-16_CAP_B15B3A9A-218F-4066-ACD6-1948EAB858A0.jpg,2.4mm-M,yes,0.361,0|0|3024|4032,cropped_lowconf
data/labeled/embedder/2.4mm-M/photo_2026-05-16_CAP_BA489C29-5179-41A2-BE49-69C6AB910B76.jpg,2.4mm-M,yes,0.611,0|0|3024|4032,cropped
data/labeled/embedder/2.4mm-M/photo_2026-05-16_CAP_BD8B28D5-5AED-42EB-9854-13F9F0AE1F0A.jpg,2.4mm-M,yes,0.865,0|0|3024|4032,cropped
data/labeled/embedder/2.4mm-M/photo_2026-05-16_CAP_C61EB9AD-5288-4389-92C0-72C2AE8C73C7.jpg,2.4mm-M,yes,0.873,0|0|3024|4032,cropped
data/labeled/embedder/2.4mm-M/photo_2026-05-16_CAP_C714972D-F116-4BD2-8272-2D3DE46E91A6.jpg,2.4mm-M,yes,0.359,0|0|3024|4032,cropped_lowconf
data/labeled/embedder/2.4mm-M/photo_2026-05-16_CAP_CA22F054-9B59-4E44-B353-14F9BEB9A1AD.jpg,2.4mm-M,yes,0.931,0|0|3024|3962,cropped
data/labeled/embedder/2.4mm-M/photo_2026-05-16_CAP_D61294A5-49DE-473D-9F7B-3C21B246623B.jpg,2.4mm-M,yes,0.495,0|0|3024|4032,cropped
data/labeled/embedder/2.4mm-M/photo_2026-05-16_CAP_F522648A-B3C4-4679-A92C-856B6B6296C4.jpg,2.4mm-M,yes,0.840,0|0|3024|4032,cropped
data/labeled/embedder/2.4mm-M/photo_2026-05-16_CAP_FF3B257C-8E7D-4F05-AD52-1F2A0583769B.jpg,2.4mm-M,yes,0.507,0|0|3024|4032,cropped
data/labeled/embedder/2.92mm-F/photo_2026-05-14_CAP2415105935844868866.jpg,2.92mm-F,yes,0.844,0|0|3060|4080,cropped
data/labeled/embedder/2.92mm-F/photo_2026-05-14_CAP2426565432389920110.jpg,2.92mm-F,yes,0.910,0|83|3060|4080,cropped
data/labeled/embedder/2.92mm-F/photo_2026-05-14_CAP2454213044694889789.jpg,2.92mm-F,yes,0.523,0|0|3060|4080,cropped
data/labeled/embedder/2.92mm-F/photo_2026-05-14_CAP2662697048304319880.jpg,2.92mm-F,yes,0.634,0|0|3060|4080,cropped
data/labeled/embedder/2.92mm-F/photo_2026-05-14_CAP3186502691286662064.jpg,2.92mm-F,yes,0.570,0|0|3060|4080,cropped
data/labeled/embedder/2.92mm-F/photo_2026-05-14_CAP3390775475761820547.jpg,2.92mm-F,yes,0.738,0|0|3060|4080,cropped
data/labeled/embedder/2.92mm-F/photo_2026-05-14_CAP4152808619663249914.jpg,2.92mm-F,yes,0.719,0|0|3060|4080,cropped
data/labeled/embedder/2.92mm-F/photo_2026-05-14_CAP4209322479378911345.jpg,2.92mm-F,yes,0.918,0|209|3060|4080,cropped
data/labeled/embedder/2.92mm-F/photo_2026-05-14_CAP4753798869764335713.jpg,2.92mm-F,yes,0.743,0|0|3060|4080,cropped
data/labeled/embedder/2.92mm-F/photo_2026-05-14_CAP5155954057613621472.jpg,2.92mm-F,yes,0.565,0|0|3060|4080,cropped
data/labeled/embedder/2.92mm-F/photo_2026-05-14_CAP5176540716641517045.jpg,2.92mm-F,yes,0.911,0|0|3060|4080,cropped
data/labeled/embedder/2.92mm-F/photo_2026-05-14_CAP5196827770669125857.jpg,2.92mm-F,yes,0.796,0|0|3060|4080,cropped
data/labeled/embedder/2.92mm-F/photo_2026-05-14_CAP531019033378667131.jpg,2.92mm-F,yes,0.893,0|0|3060|1508,cropped
data/labeled/embedder/2.92mm-F/photo_2026-05-14_CAP5464705145586820876.jpg,2.92mm-F,yes,0.875,0|0|3060|4080,cropped
data/labeled/embedder/2.92mm-F/photo_2026-05-14_CAP5511328900329273321.jpg,2.92mm-F,yes,0.875,0|0|3060|4080,cropped
data/labeled/embedder/2.92mm-F/photo_2026-05-14_CAP5789752996908812711.jpg,2.92mm-F,yes,0.739,0|0|3060|4080,cropped
data/labeled/embedder/2.92mm-F/photo_2026-05-14_CAP6738711780896370160.jpg,2.92mm-F,yes,0.891,0|0|3060|4080,cropped
data/labeled/embedder/2.92mm-F/photo_2026-05-14_CAP8439997882380661357.jpg,2.92mm-F,yes,0.658,0|0|3060|4080,cropped
data/labeled/embedder/2.92mm-F/photo_2026-05-14_CAP8770299445996862739.jpg,2.92mm-F,yes,0.695,0|0|3060|4080,cropped
data/labeled/embedder/2.92mm-F/photo_2026-05-14_CAP8851713251924060436.jpg,2.92mm-F,yes,0.900,0|0|3060|4080,cropped
data/labeled/embedder/2.92mm-F/photo_2026-05-14_CAP9180315496414681794.jpg,2.92mm-F,yes,0.777,0|0|3060|4080,cropped
data/labeled/embedder/2.92mm-F/photo_2026-05-16_CAP1029199602672162895.jpg,2.92mm-F,yes,0.922,0|0|3060|4080,cropped
data/labeled/embedder/2.92mm-F/photo_2026-05-16_CAP1169968624928492834.jpg,2.92mm-F,yes,0.717,0|0|3060|4080,cropped
data/labeled/embedder/2.92mm-F/photo_2026-05-16_CAP119840956885323314.jpg,2.92mm-F,yes,0.957,0|0|3060|4080,cropped
data/labeled/embedder/2.92mm-F/photo_2026-05-16_CAP1515539075525784107.jpg,2.92mm-F,yes,0.511,0|0|3060|4080,cropped
data/labeled/embedder/2.92mm-F/photo_2026-05-16_CAP2251041578166391175.jpg,2.92mm-F,yes,0.976,0|0|3060|4080,cropped
data/labeled/embedder/2.92mm-F/photo_2026-05-16_CAP2255775117354027873.jpg,2.92mm-F,yes,0.862,0|0|3060|4080,cropped
data/labeled/embedder/2.92mm-F/photo_2026-05-16_CAP2724175497485793503.jpg,2.92mm-F,yes,0.677,0|0|3060|4080,cropped
data/labeled/embedder/2.92mm-F/photo_2026-05-16_CAP278571211918045037.jpg,2.92mm-F,yes,0.797,0|0|3060|4080,cropped
data/labeled/embedder/2.92mm-F/photo_2026-05-16_CAP3903103924102431926.jpg,2.92mm-F,yes,0.618,0|0|3060|4080,cropped
data/labeled/embedder/2.92mm-F/photo_2026-05-16_CAP4436617205885987567.jpg,2.92mm-F,yes,0.526,0|0|3060|4058,cropped
data/labeled/embedder/2.92mm-F/photo_2026-05-16_CAP4746381783771892864.jpg,2.92mm-F,yes,0.692,0|0|3060|4080,cropped
data/labeled/embedder/2.92mm-F/photo_2026-05-16_CAP5369817534484693005.jpg,2.92mm-F,yes,0.938,0|0|3060|4080,cropped
data/labeled/embedder/2.92mm-F/photo_2026-05-16_CAP5441644256148017166.jpg,2.92mm-F,yes,0.914,0|0|3060|4080,cropped
data/labeled/embedder/2.92mm-F/photo_2026-05-16_CAP5803976922887498569.jpg,2.92mm-F,yes,0.933,0|0|3060|4080,cropped
data/labeled/embedder/2.92mm-F/photo_2026-05-16_CAP6183539083360991383.jpg,2.92mm-F,yes,0.911,0|0|3060|4080,cropped
data/labeled/embedder/2.92mm-F/photo_2026-05-16_CAP65054205710421193.jpg,2.92mm-F,yes,0.956,0|0|3060|4080,cropped
data/labeled/embedder/2.92mm-F/photo_2026-05-16_CAP7017434751269613039.jpg,2.92mm-F,yes,0.944,0|0|3060|4080,cropped
data/labeled/embedder/2.92mm-F/photo_2026-05-16_CAP7188865543915631975.jpg,2.92mm-F,yes,0.912,0|0|3060|4080,cropped
data/labeled/embedder/2.92mm-F/photo_2026-05-16_CAP7710196044854442607.jpg,2.92mm-F,yes,0.975,0|0|3060|4080,cropped
data/labeled/embedder/2.92mm-F/photo_2026-05-16_CAP8007419196750906971.jpg,2.92mm-F,yes,0.481,0|0|3060|4080,cropped
data/labeled/embedder/2.92mm-F/photo_2026-05-16_CAP891579065840230206.jpg,2.92mm-F,yes,0.506,0|0|3060|4080,cropped
data/labeled/embedder/2.92mm-F/photo_2026-05-16_CAP9118674652453755660.jpg,2.92mm-F,yes,0.966,0|0|3060|4080,cropped
data/labeled/embedder/2.92mm-F/photo_2026-05-16_CAP_0D7C6474-B420-4DF7-96D3-517583B99F02.jpg,2.92mm-F,yes,0.507,0|0|3024|4032,cropped
data/labeled/embedder/2.92mm-F/photo_2026-05-16_CAP_141C671A-5350-47BB-9E04-18101AE18E85.jpg,2.92mm-F,yes,0.820,0|0|3024|4032,cropped
data/labeled/embedder/2.92mm-F/photo_2026-05-16_CAP_1F3B8F9C-C017-4980-9661-2B2A49C9A030.jpg,2.92mm-F,yes,0.679,0|0|3024|4032,cropped
data/labeled/embedder/2.92mm-F/photo_2026-05-16_CAP_287EA89B-CFE2-4F6F-833D-E11B463522F6.jpg,2.92mm-F,yes,0.841,0|0|3024|4032,cropped
data/labeled/embedder/2.92mm-F/photo_2026-05-16_CAP_3024CD3E-ECCA-4328-8D98-5C5FEA19363A.jpg,2.92mm-F,yes,0.901,0|0|3024|4032,cropped
data/labeled/embedder/2.92mm-F/photo_2026-05-16_CAP_316B4B7F-BC99-4FB3-B957-E44D9DA837BD.jpg,2.92mm-F,yes,0.757,0|0|3024|4032,cropped
data/labeled/embedder/2.92mm-F/photo_2026-05-16_CAP_45579B66-EEA7-404E-8579-160001D63732.jpg,2.92mm-F,yes,0.782,0|0|3024|4032,cropped
data/labeled/embedder/2.92mm-F/photo_2026-05-16_CAP_4678D2BA-F349-4B91-BB76-3642BF254F21.jpg,2.92mm-F,yes,0.911,0|0|3024|4032,cropped
data/labeled/embedder/2.92mm-F/photo_2026-05-16_CAP_4BAF076F-594C-4FE2-A028-503ADBB88A64.jpg,2.92mm-F,yes,0.927,0|0|3024|4032,cropped
data/labeled/embedder/2.92mm-F/photo_2026-05-16_CAP_55EAE84C-3FF9-4DD1-9EA5-D2C04DA8C24B.jpg,2.92mm-F,yes,0.617,0|0|3024|4032,cropped
data/labeled/embedder/2.92mm-F/photo_2026-05-16_CAP_645E3B47-B8B6-498B-8EC9-8FF390AFD04E.jpg,2.92mm-F,yes,0.845,0|0|3024|4032,cropped
data/labeled/embedder/2.92mm-F/photo_2026-05-16_CAP_758C4889-4588-4936-AD7B-88B6447C1B95.jpg,2.92mm-F,yes,0.929,0|0|3024|4032,cropped
data/labeled/embedder/2.92mm-F/photo_2026-05-16_CAP_7CE25D44-EFF1-407F-BAB5-2697B73A70B4.jpg,2.92mm-F,yes,0.960,0|0|3024|4032,cropped
data/labeled/embedder/2.92mm-F/photo_2026-05-16_CAP_8321C510-EBB0-4922-8736-5A236EB2FCB0.jpg,2.92mm-F,yes,0.956,0|0|3024|4032,cropped
data/labeled/embedder/2.92mm-F/photo_2026-05-16_CAP_8A43C995-AA4C-4727-8CA9-89F793F39DE6.jpg,2.92mm-F,yes,0.920,0|0|3024|4032,cropped
data/labeled/embedder/2.92mm-F/photo_2026-05-16_CAP_8F3F6696-3F4C-4D27-9141-33B355B5B691.jpg,2.92mm-F,yes,0.596,0|0|3024|4032,cropped
data/labeled/embedder/2.92mm-F/photo_2026-05-16_CAP_8FD2B7D6-6E7C-422A-A383-4766C8BABA79.jpg,2.92mm-F,yes,0.825,0|3240|3024|4032,cropped
data/labeled/embedder/2.92mm-F/photo_2026-05-16_CAP_A5F12385-E8D0-4AB9-8891-77F4DBCA1081.jpg,2.92mm-F,yes,0.477,0|0|3024|4032,cropped
data/labeled/embedder/2.92mm-F/photo_2026-05-16_CAP_A6463453-2D15-4A46-86E5-15B3862A67DC.jpg,2.92mm-F,yes,0.527,0|3523|3024|4032,cropped
data/labeled/embedder/2.92mm-F/photo_2026-05-16_CAP_C7F6A2F5-C605-4FAE-9FF8-E9D83AF0E8CE.jpg,2.92mm-F,yes,0.959,0|0|3024|4032,cropped
data/labeled/embedder/2.92mm-F/photo_2026-05-16_CAP_CCECD6AE-ACEF-41B4-80DA-19CB212BFC4F.jpg,2.92mm-F,yes,0.770,0|0|3024|4032,cropped
data/labeled/embedder/2.92mm-F/photo_2026-05-16_CAP_E7761DC8-984C-494A-BA03-8744A5CDBA9C.jpg,2.92mm-F,yes,0.671,0|0|3024|4032,cropped
data/labeled/embedder/2.92mm-F/photo_2026-05-16_CAP_F6EAEDA7-3287-4D3F-938D-67E5AC674D45.jpg,2.92mm-F,yes,0.866,0|0|3024|4032,cropped
data/labeled/embedder/2.92mm-M/photo_2026-05-14_CAP1012271845403809870.jpg,2.92mm-M,yes,0.896,0|0|3060|4080,cropped
data/labeled/embedder/2.92mm-M/photo_2026-05-14_CAP137531694546952239.jpg,2.92mm-M,yes,0.879,0|0|3060|4080,cropped
data/labeled/embedder/2.92mm-M/photo_2026-05-14_CAP1491022937925334515.jpg,2.92mm-M,yes,0.759,0|0|3060|4080,cropped
data/labeled/embedder/2.92mm-M/photo_2026-05-14_CAP2634521900042312914.jpg,2.92mm-M,yes,0.751,0|0|3060|4080,cropped
data/labeled/embedder/2.92mm-M/photo_2026-05-14_CAP3336572492423818166.jpg,2.92mm-M,yes,0.787,0|0|3060|4080,cropped
data/labeled/embedder/2.92mm-M/photo_2026-05-14_CAP3512737024401343400.jpg,2.92mm-M,yes,0.924,0|0|3060|4080,cropped
data/labeled/embedder/2.92mm-M/photo_2026-05-14_CAP3550388897292385552.jpg,2.92mm-M,yes,0.942,0|0|3060|4080,cropped
data/labeled/embedder/2.92mm-M/photo_2026-05-14_CAP3835552775458173809.jpg,2.92mm-M,yes,0.616,0|0|3060|4080,cropped
data/labeled/embedder/2.92mm-M/photo_2026-05-14_CAP4551799388544801782.jpg,2.92mm-M,yes,0.844,0|0|3060|4080,cropped
data/labeled/embedder/2.92mm-M/photo_2026-05-14_CAP4882314665584098511.jpg,2.92mm-M,yes,0.800,0|0|3060|4080,cropped
data/labeled/embedder/2.92mm-M/photo_2026-05-14_CAP6192279117415259268.jpg,2.92mm-M,yes,0.904,0|0|3060|4080,cropped
data/labeled/embedder/2.92mm-M/photo_2026-05-14_CAP6896709609611916828.jpg,2.92mm-M,yes,0.715,0|0|3060|4080,cropped
data/labeled/embedder/2.92mm-M/photo_2026-05-14_CAP8360589554715402832.jpg,2.92mm-M,yes,0.859,0|0|3060|4080,cropped
data/labeled/embedder/2.92mm-M/photo_2026-05-14_CAP8573606377361297093.jpg,2.92mm-M,yes,0.873,0|0|3060|4080,cropped
data/labeled/embedder/2.92mm-M/photo_2026-05-14_CAP8633693044220699887.jpg,2.92mm-M,yes,0.713,0|0|3060|4080,cropped
data/labeled/embedder/2.92mm-M/photo_2026-05-14_CAP9002764533030680878.jpg,2.92mm-M,yes,0.904,0|0|2923|4080,cropped
data/labeled/embedder/2.92mm-M/photo_2026-05-16_CAP1134921001851255335.jpg,2.92mm-M,yes,0.552,0|0|3060|4080,cropped
data/labeled/embedder/2.92mm-M/photo_2026-05-16_CAP2361630269514643299.jpg,2.92mm-M,yes,0.855,0|0|3060|4080,cropped
data/labeled/embedder/2.92mm-M/photo_2026-05-16_CAP2362923363874386161.jpg,2.92mm-M,yes,0.560,0|0|3060|4080,cropped
data/labeled/embedder/2.92mm-M/photo_2026-05-16_CAP2724782170895088054.jpg,2.92mm-M,yes,0.969,0|0|3060|4080,cropped
data/labeled/embedder/2.92mm-M/photo_2026-05-16_CAP2760783478324025974.jpg,2.92mm-M,yes,0.915,0|0|3060|4080,cropped
data/labeled/embedder/2.92mm-M/photo_2026-05-16_CAP2966526402722199806.jpg,2.92mm-M,yes,0.743,0|0|3060|4080,cropped
data/labeled/embedder/2.92mm-M/photo_2026-05-16_CAP3458406427964952682.jpg,2.92mm-M,yes,0.597,0|0|3060|4080,cropped
data/labeled/embedder/2.92mm-M/photo_2026-05-16_CAP4330199792763388253.jpg,2.92mm-M,yes,0.958,0|0|3060|4080,cropped
data/labeled/embedder/2.92mm-M/photo_2026-05-16_CAP4773221363026954451.jpg,2.92mm-M,yes,0.839,0|0|3060|4080,cropped
data/labeled/embedder/2.92mm-M/photo_2026-05-16_CAP5411617989786198776.jpg,2.92mm-M,yes,0.934,0|0|3060|4080,cropped
data/labeled/embedder/2.92mm-M/photo_2026-05-16_CAP6351347038445163139.jpg,2.92mm-M,yes,0.897,0|0|3060|4080,cropped
data/labeled/embedder/2.92mm-M/photo_2026-05-16_CAP6375201181971549962.jpg,2.92mm-M,yes,0.976,0|0|3060|4080,cropped
data/labeled/embedder/2.92mm-M/photo_2026-05-16_CAP6528654523242624546.jpg,2.92mm-M,yes,0.824,0|0|3060|4080,cropped
data/labeled/embedder/2.92mm-M/photo_2026-05-16_CAP6805844259225010132.jpg,2.92mm-M,yes,0.981,0|0|3060|4080,cropped
data/labeled/embedder/2.92mm-M/photo_2026-05-16_CAP7257904131130845235.jpg,2.92mm-M,yes,0.926,0|0|3060|4080,cropped
data/labeled/embedder/2.92mm-M/photo_2026-05-16_CAP7283433389646307883.jpg,2.92mm-M,yes,0.953,0|0|3060|4080,cropped
data/labeled/embedder/2.92mm-M/photo_2026-05-16_CAP8186218614229803272.jpg,2.92mm-M,yes,0.977,0|0|3060|4080,cropped
data/labeled/embedder/2.92mm-M/photo_2026-05-16_CAP830661290905308461.jpg,2.92mm-M,yes,0.589,0|0|3060|4080,cropped
data/labeled/embedder/2.92mm-M/photo_2026-05-16_CAP8392389797395353631.jpg,2.92mm-M,yes,0.782,0|0|3060|4080,cropped
data/labeled/embedder/2.92mm-M/photo_2026-05-16_CAP9136916744134507402.jpg,2.92mm-M,yes,0.981,0|0|3060|4080,cropped
data/labeled/embedder/2.92mm-M/photo_2026-05-16_CAP_0298F434-66DE-4CFB-ADF6-3F7F43FED22F.jpg,2.92mm-M,yes,0.914,0|0|3024|4032,cropped
data/labeled/embedder/2.92mm-M/photo_2026-05-16_CAP_0FE27F06-B018-48EA-8FA6-8435AD959D3E.jpg,2.92mm-M,yes,0.593,0|0|3024|4032,cropped
data/labeled/embedder/2.92mm-M/photo_2026-05-16_CAP_4B0F10EA-8004-463B-89D6-435FD5C755A3.jpg,2.92mm-M,yes,0.957,0|0|3024|4032,cropped
data/labeled/embedder/2.92mm-M/photo_2026-05-16_CAP_6894AA9C-D224-4518-930B-CB1904346163.jpg,2.92mm-M,yes,0.849,0|0|3024|4032,cropped
data/labeled/embedder/2.92mm-M/photo_2026-05-16_CAP_75252F1A-305B-437A-A61D-1F6A7B3CECF9.jpg,2.92mm-M,yes,0.501,0|0|3024|4032,cropped
data/labeled/embedder/2.92mm-M/photo_2026-05-16_CAP_8A9792D9-DEFB-4179-9A79-1FB0AD83D603.jpg,2.92mm-M,yes,0.755,0|0|3024|4032,cropped
data/labeled/embedder/2.92mm-M/photo_2026-05-16_CAP_8E613DCC-E23B-41E8-9B09-349BD1153EC3.jpg,2.92mm-M,yes,0.691,0|0|3024|4032,cropped
data/labeled/embedder/2.92mm-M/photo_2026-05-16_CAP_92CBD7B5-05B4-4FA5-8FB0-043CDA76C75D.jpg,2.92mm-M,yes,0.854,0|0|3024|4032,cropped
data/labeled/embedder/2.92mm-M/photo_2026-05-16_CAP_9E1A8D04-11ED-42BD-94B3-6D48FD015CE1.jpg,2.92mm-M,yes,0.918,0|0|3024|4032,cropped
data/labeled/embedder/2.92mm-M/photo_2026-05-16_CAP_A9AEA8D4-655F-4321-BA76-D4706B32E7FE.jpg,2.92mm-M,yes,0.983,0|0|3024|4032,cropped
data/labeled/embedder/2.92mm-M/photo_2026-05-16_CAP_AE7C5AEF-2129-4813-B71B-5755FD8C2F15.jpg,2.92mm-M,yes,0.465,0|0|3024|4032,cropped
data/labeled/embedder/2.92mm-M/photo_2026-05-16_CAP_AFB29643-A2CD-4577-8AAC-ADEA1F6BA18E.jpg,2.92mm-M,yes,0.981,0|0|3024|4032,cropped
data/labeled/embedder/2.92mm-M/photo_2026-05-16_CAP_BBB9A517-B97D-4183-9C9C-BFA112EFB028.jpg,2.92mm-M,yes,0.671,0|0|3024|4032,cropped
data/labeled/embedder/2.92mm-M/photo_2026-05-16_CAP_C4973585-6DEB-4BA7-8360-4A4DA23FD330.jpg,2.92mm-M,yes,0.971,0|0|3024|4032,cropped
data/labeled/embedder/2.92mm-M/photo_2026-05-16_CAP_D3D1DF7C-DF07-4BAB-8394-D7E7C8461249.jpg,2.92mm-M,yes,0.651,0|0|3024|4032,cropped
data/labeled/embedder/2.92mm-M/photo_2026-05-16_CAP_E312AC57-D47E-46EB-A718-A8AA11FE60E2.jpg,2.92mm-M,yes,0.912,0|0|3024|4032,cropped
data/labeled/embedder/2.92mm-M/photo_2026-05-16_CAP_EE0F4935-E831-4240-991B-9B4E69D70D34.jpg,2.92mm-M,yes,0.845,0|0|3024|4032,cropped
data/labeled/embedder/2.92mm-M/photo_2026-05-16_CAP_EEA3A9F8-A411-492B-8F00-5FEA8EC08C9F.jpg,2.92mm-M,yes,0.968,0|0|3024|4032,cropped
data/labeled/embedder/3.5mm-F/photo_2026-05-14_CAP136418791202096095.jpg,3.5mm-F,yes,0.932,0|0|3060|4080,cropped
data/labeled/embedder/3.5mm-F/photo_2026-05-14_CAP1461386967731796834.jpg,3.5mm-F,yes,0.926,0|0|3060|4080,cropped
data/labeled/embedder/3.5mm-F/photo_2026-05-14_CAP1517736142528281112.jpg,3.5mm-F,yes,0.961,0|0|3060|4080,cropped
data/labeled/embedder/3.5mm-F/photo_2026-05-14_CAP1618212934434481577.jpg,3.5mm-F,yes,0.966,0|0|3060|4080,cropped
data/labeled/embedder/3.5mm-F/photo_2026-05-14_CAP182775852664135121.jpg,3.5mm-F,yes,0.965,0|0|3060|4080,cropped
data/labeled/embedder/3.5mm-F/photo_2026-05-14_CAP2226515965382696327.jpg,3.5mm-F,yes,0.928,0|0|3060|4080,cropped
data/labeled/embedder/3.5mm-F/photo_2026-05-14_CAP2530608598010823374.jpg,3.5mm-F,yes,0.858,0|0|3060|4080,cropped
data/labeled/embedder/3.5mm-F/photo_2026-05-14_CAP2615046989960741715.jpg,3.5mm-F,yes,0.926,0|0|3060|4080,cropped
data/labeled/embedder/3.5mm-F/photo_2026-05-14_CAP2875500466831430244.jpg,3.5mm-F,yes,0.679,0|0|3060|4080,cropped
data/labeled/embedder/3.5mm-F/photo_2026-05-14_CAP3315796236413107994.jpg,3.5mm-F,yes,0.508,0|0|3060|4080,cropped
data/labeled/embedder/3.5mm-F/photo_2026-05-14_CAP3375973079520855549.jpg,3.5mm-F,yes,0.576,0|0|3060|4080,cropped
data/labeled/embedder/3.5mm-F/photo_2026-05-14_CAP3739599635208953990.jpg,3.5mm-F,yes,0.943,0|0|3060|4080,cropped
data/labeled/embedder/3.5mm-F/photo_2026-05-14_CAP3865202658666041014.jpg,3.5mm-F,yes,0.901,0|0|3060|4080,cropped
data/labeled/embedder/3.5mm-F/photo_2026-05-14_CAP4090754448989332463.jpg,3.5mm-F,yes,0.826,0|0|3060|4080,cropped
data/labeled/embedder/3.5mm-F/photo_2026-05-14_CAP4283801486103511431.jpg,3.5mm-F,yes,0.506,0|0|3060|4080,cropped
data/labeled/embedder/3.5mm-F/photo_2026-05-14_CAP442325099174972139.jpg,3.5mm-F,yes,0.529,0|0|3060|1033,cropped
data/labeled/embedder/3.5mm-F/photo_2026-05-14_CAP4969094599691687950.jpg,3.5mm-F,yes,0.520,0|0|3060|4080,cropped
data/labeled/embedder/3.5mm-F/photo_2026-05-14_CAP6559612654936531106.jpg,3.5mm-F,yes,0.875,0|0|3060|4080,cropped
data/labeled/embedder/3.5mm-F/photo_2026-05-14_CAP6734073003724987534.jpg,3.5mm-F,yes,0.647,0|0|3060|4080,cropped
data/labeled/embedder/3.5mm-F/photo_2026-05-14_CAP6737330972085989310.jpg,3.5mm-F,yes,0.964,0|0|3060|4080,cropped
data/labeled/embedder/3.5mm-F/photo_2026-05-14_CAP7001902293279385909.jpg,3.5mm-F,yes,0.507,0|0|3060|4080,cropped
data/labeled/embedder/3.5mm-F/photo_2026-05-14_CAP7758468245523889264.jpg,3.5mm-F,yes,0.940,0|0|3060|4080,cropped
data/labeled/embedder/3.5mm-F/photo_2026-05-14_CAP7918465240031397859.jpg,3.5mm-F,yes,0.959,0|0|3060|4080,cropped
data/labeled/embedder/3.5mm-F/photo_2026-05-14_CAP799967085739245494.jpg,3.5mm-F,yes,0.522,0|0|3060|4080,cropped
data/labeled/embedder/3.5mm-F/photo_2026-05-14_CAP8576506430876255437.jpg,3.5mm-F,yes,0.634,0|0|3060|4080,cropped
data/labeled/embedder/3.5mm-F/photo_2026-05-14_CAP8628923906368597284.jpg,3.5mm-F,yes,0.812,0|0|3060|4080,cropped
data/labeled/embedder/3.5mm-F/photo_2026-05-14_CAP8685425358748604863.jpg,3.5mm-F,yes,0.722,0|0|3060|4080,cropped
data/labeled/embedder/3.5mm-F/photo_2026-05-14_CAP8827658009571217522.jpg,3.5mm-F,yes,0.857,0|0|3060|4080,cropped
data/labeled/embedder/3.5mm-F/photo_2026-05-16_CAP1373581749222270164.jpg,3.5mm-F,yes,0.967,0|0|3060|4080,cropped
data/labeled/embedder/3.5mm-F/photo_2026-05-16_CAP2361874725669290825.jpg,3.5mm-F,yes,0.670,0|0|3060|4080,cropped
data/labeled/embedder/3.5mm-F/photo_2026-05-16_CAP2374910054885207537.jpg,3.5mm-F,yes,0.802,0|0|3060|4080,cropped
data/labeled/embedder/3.5mm-F/photo_2026-05-16_CAP299174647747627417.jpg,3.5mm-F,yes,0.981,0|0|3060|4080,cropped
data/labeled/embedder/3.5mm-F/photo_2026-05-16_CAP3798775449515008843.jpg,3.5mm-F,yes,0.608,0|0|3060|4080,cropped
data/labeled/embedder/3.5mm-F/photo_2026-05-16_CAP4297865626272026355.jpg,3.5mm-F,yes,0.934,0|0|3060|4080,cropped
data/labeled/embedder/3.5mm-F/photo_2026-05-16_CAP4735386928979377938.jpg,3.5mm-F,yes,0.978,0|0|3060|4080,cropped
data/labeled/embedder/3.5mm-F/photo_2026-05-16_CAP5783319733661768631.jpg,3.5mm-F,yes,0.541,0|0|3060|4080,cropped
data/labeled/embedder/3.5mm-F/photo_2026-05-16_CAP6356019452319379153.jpg,3.5mm-F,yes,0.906,0|0|3060|4080,cropped
data/labeled/embedder/3.5mm-F/photo_2026-05-16_CAP6856559157459416680.jpg,3.5mm-F,yes,0.967,0|0|3060|4080,cropped
data/labeled/embedder/3.5mm-F/photo_2026-05-16_CAP7952490356672699667.jpg,3.5mm-F,yes,0.612,0|0|3060|4080,cropped
data/labeled/embedder/3.5mm-F/photo_2026-05-16_CAP8103620058466515061.jpg,3.5mm-F,yes,0.968,0|0|3060|4080,cropped
data/labeled/embedder/3.5mm-F/photo_2026-05-16_CAP8427326290854403206.jpg,3.5mm-F,yes,0.664,0|0|3060|4080,cropped
data/labeled/embedder/3.5mm-F/photo_2026-05-16_CAP8440929980123110585.jpg,3.5mm-F,yes,0.970,0|0|3060|4080,cropped
data/labeled/embedder/3.5mm-F/photo_2026-05-16_CAP8732943081352315745.jpg,3.5mm-F,yes,0.650,0|0|3060|4080,cropped
data/labeled/embedder/3.5mm-F/photo_2026-05-16_CAP923313769007954505.jpg,3.5mm-F,yes,0.843,0|0|3060|4080,cropped
data/labeled/embedder/3.5mm-F/photo_2026-05-16_CAP987316055853197787.jpg,3.5mm-F,yes,0.940,0|0|3060|4080,cropped
data/labeled/embedder/3.5mm-F/photo_2026-05-16_CAP_02B5E74D-34E3-462E-B002-508C0173DF0E.jpg,3.5mm-F,yes,0.912,0|0|3024|4032,cropped
data/labeled/embedder/3.5mm-F/photo_2026-05-16_CAP_11740BF1-F208-4DFB-91EE-30B0C17992D3.jpg,3.5mm-F,yes,0.775,0|0|3024|4032,cropped
data/labeled/embedder/3.5mm-F/photo_2026-05-16_CAP_268CA031-ACC2-45B6-B9AB-74178488501C.jpg,3.5mm-F,yes,0.926,0|0|3024|4032,cropped
data/labeled/embedder/3.5mm-F/photo_2026-05-16_CAP_368574A0-E997-4369-B065-A70FE6AC5003.jpg,3.5mm-F,yes,0.413,0|0|3024|4032,cropped
data/labeled/embedder/3.5mm-F/photo_2026-05-16_CAP_392FCFE7-FED3-46B3-8C47-B864D33E17D2.jpg,3.5mm-F,yes,0.940,0|1472|3024|4032,cropped
data/labeled/embedder/3.5mm-F/photo_2026-05-16_CAP_3BE6E6A8-EA26-4DBE-ABEE-5D431CE059C1.jpg,3.5mm-F,yes,0.893,0|0|3024|4032,cropped
data/labeled/embedder/3.5mm-F/photo_2026-05-16_CAP_464147C1-8E79-4A44-9891-7F4CE0D4E61D.jpg,3.5mm-F,yes,0.944,0|0|3024|4032,cropped
data/labeled/embedder/3.5mm-F/photo_2026-05-16_CAP_5AB535A1-F352-4C47-89F1-99648246F70E.jpg,3.5mm-F,yes,0.631,0|0|3024|4032,cropped
data/labeled/embedder/3.5mm-F/photo_2026-05-16_CAP_90F19D81-57DF-4C6B-9057-002714D27FBE.jpg,3.5mm-F,yes,0.936,0|0|3024|4032,cropped
data/labeled/embedder/3.5mm-F/photo_2026-05-16_CAP_B16C8A53-B55A-4CB2-A3EF-2E8A2E9A9683.jpg,3.5mm-F,yes,0.945,0|0|3024|4032,cropped
data/labeled/embedder/3.5mm-F/photo_2026-05-16_CAP_B194E6C1-8448-4637-8234-0AFFAC79EDC0.jpg,3.5mm-F,yes,0.942,0|0|3024|4032,cropped
data/labeled/embedder/3.5mm-F/photo_2026-05-16_CAP_B49D760D-5068-499E-92EC-92C0BDA80120.jpg,3.5mm-F,yes,0.792,0|0|3024|4032,cropped
data/labeled/embedder/3.5mm-F/photo_2026-05-16_CAP_CE26388C-D84F-4A54-BC56-717217BF6724.jpg,3.5mm-F,yes,0.694,0|0|3024|4032,cropped
data/labeled/embedder/3.5mm-F/photo_2026-05-16_CAP_D969439E-87C6-486A-AAF0-4130DC93324D.jpg,3.5mm-F,yes,0.945,0|0|3024|4032,cropped
data/labeled/embedder/3.5mm-F/photo_2026-05-16_CAP_EF6D26D9-4132-4F3F-B72B-C08B26DA3C7B.jpg,3.5mm-F,yes,0.961,0|0|3024|4032,cropped
data/labeled/embedder/3.5mm-F/photo_2026-05-16_CAP_EFF10B70-23AD-4A97-BAA6-09D0190E698B.jpg,3.5mm-F,yes,0.575,0|0|3024|4032,cropped
data/labeled/embedder/3.5mm-F/photo_2026-05-16_CAP_FDFF8606-F22E-43EB-A696-7115817D7384.jpg,3.5mm-F,yes,0.733,0|0|3024|4032,cropped
data/labeled/embedder/3.5mm-M/photo_2026-05-14_CAP1190783277748257243.jpg,3.5mm-M,yes,0.855,0|0|3060|4080,cropped
data/labeled/embedder/3.5mm-M/photo_2026-05-14_CAP1885640749857653133.jpg,3.5mm-M,yes,0.643,0|0|3060|4080,cropped
data/labeled/embedder/3.5mm-M/photo_2026-05-14_CAP213320818992345938.jpg,3.5mm-M,yes,0.753,0|0|3060|3059,cropped
data/labeled/embedder/3.5mm-M/photo_2026-05-14_CAP2184356767295281612.jpg,3.5mm-M,yes,0.882,0|1007|3060|4080,cropped
data/labeled/embedder/3.5mm-M/photo_2026-05-14_CAP2237996244101031447.jpg,3.5mm-M,yes,0.837,0|0|3060|4080,cropped
data/labeled/embedder/3.5mm-M/photo_2026-05-14_CAP2243485209441357328.jpg,3.5mm-M,yes,0.762,0|0|3060|4080,cropped
data/labeled/embedder/3.5mm-M/photo_2026-05-14_CAP2264915218674745568.jpg,3.5mm-M,yes,0.760,0|0|3060|4080,cropped
data/labeled/embedder/3.5mm-M/photo_2026-05-14_CAP2312366481464398344.jpg,3.5mm-M,yes,0.537,0|461|3060|4080,cropped
data/labeled/embedder/3.5mm-M/photo_2026-05-14_CAP2661468009402481692.jpg,3.5mm-M,yes,0.829,0|1161|3060|4080,cropped
data/labeled/embedder/3.5mm-M/photo_2026-05-14_CAP27826864032527376.jpg,3.5mm-M,yes,0.504,0|0|3060|4080,cropped
data/labeled/embedder/3.5mm-M/photo_2026-05-14_CAP2996611928066061120.jpg,3.5mm-M,yes,0.838,0|0|3060|4080,cropped
data/labeled/embedder/3.5mm-M/photo_2026-05-14_CAP3286668622864407836.jpg,3.5mm-M,yes,0.876,0|0|3060|4080,cropped
data/labeled/embedder/3.5mm-M/photo_2026-05-14_CAP3576947120243426851.jpg,3.5mm-M,yes,0.808,0|0|3060|4080,cropped
data/labeled/embedder/3.5mm-M/photo_2026-05-14_CAP3648089231459394579.jpg,3.5mm-M,yes,0.908,0|1096|3060|4080,cropped
data/labeled/embedder/3.5mm-M/photo_2026-05-14_CAP3738391791063603811.jpg,3.5mm-M,yes,0.608,0|0|3060|4080,cropped
data/labeled/embedder/3.5mm-M/photo_2026-05-14_CAP3845648628201708060.jpg,3.5mm-M,yes,0.524,0|0|3060|4080,cropped
data/labeled/embedder/3.5mm-M/photo_2026-05-14_CAP3913752267529987356.jpg,3.5mm-M,yes,0.923,0|0|3060|4080,cropped
data/labeled/embedder/3.5mm-M/photo_2026-05-14_CAP4151927379790249824.jpg,3.5mm-M,yes,0.677,0|0|3060|4080,cropped
data/labeled/embedder/3.5mm-M/photo_2026-05-14_CAP4354822176530576898.jpg,3.5mm-M,yes,0.563,0|1026|3060|4080,cropped
data/labeled/embedder/3.5mm-M/photo_2026-05-14_CAP4404609973747038224.jpg,3.5mm-M,yes,0.852,0|1009|3060|4080,cropped
data/labeled/embedder/3.5mm-M/photo_2026-05-14_CAP4759159798460662260.jpg,3.5mm-M,yes,0.779,0|0|3060|4080,cropped
data/labeled/embedder/3.5mm-M/photo_2026-05-14_CAP478844144360109044.jpg,3.5mm-M,yes,0.891,0|0|3060|4080,cropped
data/labeled/embedder/3.5mm-M/photo_2026-05-14_CAP5060897246461123225.jpg,3.5mm-M,yes,0.507,0|0|3060|4080,cropped
data/labeled/embedder/3.5mm-M/photo_2026-05-14_CAP5556477317874550957.jpg,3.5mm-M,yes,0.800,0|0|3060|4080,cropped
data/labeled/embedder/3.5mm-M/photo_2026-05-14_CAP676581275870359529.jpg,3.5mm-M,yes,0.413,0|0|78|4080,cropped
data/labeled/embedder/3.5mm-M/photo_2026-05-14_CAP8180352039360982750.jpg,3.5mm-M,yes,0.477,0|925|3060|4016,cropped
data/labeled/embedder/3.5mm-M/photo_2026-05-14_CAP8272674442470856354.jpg,3.5mm-M,yes,0.773,0|0|3060|4080,cropped
data/labeled/embedder/3.5mm-M/photo_2026-05-14_CAP8541318966038637891.jpg,3.5mm-M,yes,0.627,0|0|3060|4080,cropped
data/labeled/embedder/3.5mm-M/photo_2026-05-14_CAP8892184844580637699.jpg,3.5mm-M,yes,0.579,0|0|3060|4080,cropped
data/labeled/embedder/3.5mm-M/photo_2026-05-16_CAP122454663552687147.jpg,3.5mm-M,yes,0.605,0|0|3060|4080,cropped
data/labeled/embedder/3.5mm-M/photo_2026-05-16_CAP1405932674115855324.jpg,3.5mm-M,yes,0.930,0|0|3060|4080,cropped
data/labeled/embedder/3.5mm-M/photo_2026-05-16_CAP149855576576893332.jpg,3.5mm-M,yes,0.943,0|0|3060|4080,cropped
data/labeled/embedder/3.5mm-M/photo_2026-05-16_CAP1561439559452146255.jpg,3.5mm-M,yes,0.904,0|215|3060|4080,cropped
data/labeled/embedder/3.5mm-M/photo_2026-05-16_CAP1828508757972764086.jpg,3.5mm-M,yes,0.981,0|0|3060|4080,cropped
data/labeled/embedder/3.5mm-M/photo_2026-05-16_CAP3330014140174746631.jpg,3.5mm-M,yes,0.674,0|0|3060|4080,cropped
data/labeled/embedder/3.5mm-M/photo_2026-05-16_CAP3395223142869991825.jpg,3.5mm-M,yes,0.957,0|0|3060|4080,cropped
data/labeled/embedder/3.5mm-M/photo_2026-05-16_CAP380761283814793438.jpg,3.5mm-M,yes,0.952,0|0|3060|4080,cropped
data/labeled/embedder/3.5mm-M/photo_2026-05-16_CAP4242282227679567096.jpg,3.5mm-M,yes,0.861,0|0|3060|4080,cropped
data/labeled/embedder/3.5mm-M/photo_2026-05-16_CAP5146304547788325169.jpg,3.5mm-M,yes,0.712,0|0|3060|4080,cropped
data/labeled/embedder/3.5mm-M/photo_2026-05-16_CAP5554913714779072727.jpg,3.5mm-M,yes,0.982,0|0|3060|4080,cropped
data/labeled/embedder/3.5mm-M/photo_2026-05-16_CAP5666480941881423306.jpg,3.5mm-M,yes,0.981,0|0|3060|4080,cropped
data/labeled/embedder/3.5mm-M/photo_2026-05-16_CAP5699832040577459190.jpg,3.5mm-M,yes,0.900,0|258|3060|4080,cropped
data/labeled/embedder/3.5mm-M/photo_2026-05-16_CAP600703518420010418.jpg,3.5mm-M,yes,0.762,0|0|3060|3975,cropped
data/labeled/embedder/3.5mm-M/photo_2026-05-16_CAP6009971564187745618.jpg,3.5mm-M,yes,0.977,0|0|3060|4080,cropped
data/labeled/embedder/3.5mm-M/photo_2026-05-16_CAP6160687709737039469.jpg,3.5mm-M,yes,0.979,0|0|3060|4080,cropped
data/labeled/embedder/3.5mm-M/photo_2026-05-16_CAP6207472294187747325.jpg,3.5mm-M,yes,0.485,0|0|3060|3964,cropped
data/labeled/embedder/3.5mm-M/photo_2026-05-16_CAP67462116856055940.jpg,3.5mm-M,yes,0.979,0|0|3060|4080,cropped
data/labeled/embedder/3.5mm-M/photo_2026-05-16_CAP8801964986549171037.jpg,3.5mm-M,yes,0.922,0|0|2470|4080,cropped
data/labeled/embedder/3.5mm-M/photo_2026-05-16_CAP_00339260-948C-4B76-8F69-A194E503DA4C.jpg,3.5mm-M,yes,0.977,0|0|3024|4032,cropped
data/labeled/embedder/3.5mm-M/photo_2026-05-16_CAP_119C39F5-B8D3-4F58-B498-5AAB17423B2A.jpg,3.5mm-M,yes,0.429,0|0|3024|4032,cropped
data/labeled/embedder/3.5mm-M/photo_2026-05-16_CAP_209C9FDD-DA9A-4A06-901D-30A31197451F.jpg,3.5mm-M,yes,0.759,0|0|3024|4032,cropped
data/labeled/embedder/3.5mm-M/photo_2026-05-16_CAP_3827B32E-2628-4A6B-BA11-72BD056E3C76.jpg,3.5mm-M,yes,0.825,0|0|3024|4032,cropped
data/labeled/embedder/3.5mm-M/photo_2026-05-16_CAP_3E747927-6FA1-40ED-8894-2F0C853BD621.jpg,3.5mm-M,yes,0.751,0|0|3024|4032,cropped
data/labeled/embedder/3.5mm-M/photo_2026-05-16_CAP_3FDC2126-C862-497F-BF3E-92E0EDD21653.jpg,3.5mm-M,yes,0.967,0|0|3024|4032,cropped
data/labeled/embedder/3.5mm-M/photo_2026-05-16_CAP_49023E01-16E6-43C6-8E49-3D2111398B3A.jpg,3.5mm-M,yes,0.544,0|0|3024|4032,cropped
data/labeled/embedder/3.5mm-M/photo_2026-05-16_CAP_5036BD12-4E11-4BF6-B275-D5B8C83B8805.jpg,3.5mm-M,yes,0.920,0|0|3024|4032,cropped
data/labeled/embedder/3.5mm-M/photo_2026-05-16_CAP_53DD7715-25F3-4AFB-BF93-DB9505A5D728.jpg,3.5mm-M,yes,0.654,0|0|3024|4032,cropped
data/labeled/embedder/3.5mm-M/photo_2026-05-16_CAP_6190C441-9D7E-488C-9544-5B216362FD01.jpg,3.5mm-M,yes,0.976,0|0|3024|4032,cropped
data/labeled/embedder/3.5mm-M/photo_2026-05-16_CAP_68BFE1BD-2BEB-492D-ADD6-C7ADE8BD1EF7.jpg,3.5mm-M,yes,0.584,0|0|3024|4032,cropped
data/labeled/embedder/3.5mm-M/photo_2026-05-16_CAP_6AF47FEE-3F19-41AA-B2E2-B04163E4379A.jpg,3.5mm-M,yes,0.786,0|0|3024|4032,cropped
data/labeled/embedder/3.5mm-M/photo_2026-05-16_CAP_77730308-DFC9-48B5-8D7C-DA07504BE671.jpg,3.5mm-M,yes,0.655,0|0|3024|4032,cropped
data/labeled/embedder/3.5mm-M/photo_2026-05-16_CAP_7777E94E-F5FB-47D1-862B-E6C64A2E0210.jpg,3.5mm-M,yes,0.896,0|0|3024|4032,cropped
data/labeled/embedder/3.5mm-M/photo_2026-05-16_CAP_9BA33FA9-00CC-4151-809D-BE5D219FC940.jpg,3.5mm-M,yes,0.516,0|0|3024|4032,cropped
data/labeled/embedder/3.5mm-M/photo_2026-05-16_CAP_A35E3FEF-DD98-49E5-8BB5-F03567C8C42D.jpg,3.5mm-M,yes,0.961,0|0|3024|4032,cropped
data/labeled/embedder/3.5mm-M/photo_2026-05-16_CAP_B693C664-F1B5-4FC6-93BA-243B14169A72.jpg,3.5mm-M,yes,0.623,0|0|3024|4032,cropped
data/labeled/embedder/3.5mm-M/photo_2026-05-16_CAP_B944492C-D727-4F80-B36D-C37AAADD1934.jpg,3.5mm-M,yes,0.927,0|0|3024|4032,cropped
data/labeled/embedder/3.5mm-M/photo_2026-05-16_CAP_BF914A29-2A2B-47C5-A627-8DA939FE273E.jpg,3.5mm-M,yes,0.442,0|0|3024|4032,cropped
data/labeled/embedder/3.5mm-M/photo_2026-05-16_CAP_C2273F48-F7DD-4531-B66A-596CE1F62477.jpg,3.5mm-M,yes,0.644,0|0|3024|4032,cropped
data/labeled/embedder/3.5mm-M/photo_2026-05-16_CAP_C42CD6C0-1757-4BA9-8A4A-E124B2309E6D.jpg,3.5mm-M,yes,0.960,0|0|3024|4032,cropped
data/labeled/embedder/3.5mm-M/photo_2026-05-16_CAP_EF220C18-AA64-45A0-91C6-BDFE9025D455.jpg,3.5mm-M,yes,0.439,0|0|3024|4032,cropped
data/labeled/embedder/SMA-F/photo_2026-05-14_CAP1511591774824838522.jpg,SMA-F,yes,0.798,0|0|3060|4080,cropped
data/labeled/embedder/SMA-F/photo_2026-05-14_CAP3494688802190116891.jpg,SMA-F,yes,0.612,0|0|3060|4080,cropped
data/labeled/embedder/SMA-F/photo_2026-05-14_CAP3724271828459851535.jpg,SMA-F,yes,0.883,0|0|3060|4080,cropped
data/labeled/embedder/SMA-F/photo_2026-05-14_CAP4668778447477978846.jpg,SMA-F,yes,0.429,0|0|3060|4080,cropped
data/labeled/embedder/SMA-F/photo_2026-05-14_CAP5990207904647986266.jpg,SMA-F,yes,0.494,0|0|3060|4080,cropped
data/labeled/embedder/SMA-F/photo_2026-05-14_CAP6543931486305077352.jpg,SMA-F,yes,0.763,0|0|3060|4080,cropped
data/labeled/embedder/SMA-F/photo_2026-05-14_CAP6878316296622793539.jpg,SMA-F,yes,0.924,0|0|3060|4080,cropped
data/labeled/embedder/SMA-F/photo_2026-05-14_CAP7592323265542398985.jpg,SMA-F,yes,0.400,0|0|3060|4080,cropped_lowconf
data/labeled/embedder/SMA-F/photo_2026-05-14_CAP8288555329996475139.jpg,SMA-F,yes,0.883,0|0|3060|4080,cropped
data/labeled/embedder/SMA-F/photo_2026-05-14_CAP8510282733092395282.jpg,SMA-F,yes,0.847,0|0|3060|4080,cropped
data/labeled/embedder/SMA-F/photo_2026-05-14_CAP8787888936074593802.jpg,SMA-F,yes,0.941,0|0|3060|4080,cropped
data/labeled/embedder/SMA-F/photo_2026-05-14_CAP9168157568798351458.jpg,SMA-F,yes,0.965,0|0|3060|4080,cropped
data/labeled/embedder/SMA-F/photo_2026-05-16_CAP1647020759502170192.jpg,SMA-F,yes,0.841,0|0|3060|4080,cropped
data/labeled/embedder/SMA-F/photo_2026-05-16_CAP2161948830733421919.jpg,SMA-F,yes,0.945,0|0|3060|4080,cropped
data/labeled/embedder/SMA-F/photo_2026-05-16_CAP2224079048142270632.jpg,SMA-F,yes,0.630,0|0|3060|4080,cropped
data/labeled/embedder/SMA-F/photo_2026-05-16_CAP3236388720477365408.jpg,SMA-F,yes,0.916,0|0|3060|3814,cropped
data/labeled/embedder/SMA-F/photo_2026-05-16_CAP3300825716659525985.jpg,SMA-F,yes,0.965,0|0|3060|4080,cropped
data/labeled/embedder/SMA-F/photo_2026-05-16_CAP3359189538649418076.jpg,SMA-F,yes,0.962,0|0|3060|4080,cropped
data/labeled/embedder/SMA-F/photo_2026-05-16_CAP3531815939349001417.jpg,SMA-F,yes,0.971,0|0|3060|4080,cropped
data/labeled/embedder/SMA-F/photo_2026-05-16_CAP3600979987959589201.jpg,SMA-F,yes,0.968,0|0|3060|4080,cropped
data/labeled/embedder/SMA-F/photo_2026-05-16_CAP3698632324191431673.jpg,SMA-F,yes,0.798,0|0|3060|4080,cropped
data/labeled/embedder/SMA-F/photo_2026-05-16_CAP5593488151885422067.jpg,SMA-F,yes,0.972,0|0|3060|4080,cropped
data/labeled/embedder/SMA-F/photo_2026-05-16_CAP5832016501310347187.jpg,SMA-F,yes,0.947,0|0|3060|4080,cropped
data/labeled/embedder/SMA-F/photo_2026-05-16_CAP678346358547344433.jpg,SMA-F,yes,0.943,0|0|3060|4080,cropped
data/labeled/embedder/SMA-F/photo_2026-05-16_CAP7291648166681913508.jpg,SMA-F,yes,0.755,0|0|3060|4080,cropped
data/labeled/embedder/SMA-F/photo_2026-05-16_CAP8248516047689355949.jpg,SMA-F,yes,0.918,0|0|3060|4080,cropped
data/labeled/embedder/SMA-F/photo_2026-05-16_CAP_03F46E01-8A21-459B-9D5C-53AE6662DC60.jpg,SMA-F,yes,0.816,0|0|3024|4032,cropped
data/labeled/embedder/SMA-F/photo_2026-05-16_CAP_05D77D1C-20C2-46A3-92D8-5A06471BDDFB.jpg,SMA-F,yes,0.891,0|0|3024|4032,cropped
data/labeled/embedder/SMA-F/photo_2026-05-16_CAP_079484A1-8FB3-479A-A5D7-39D12E12070E.jpg,SMA-F,yes,0.900,0|0|3024|4032,cropped
data/labeled/embedder/SMA-F/photo_2026-05-16_CAP_0FF25615-CF03-46DD-B057-72577B90CA8E.jpg,SMA-F,yes,0.568,0|0|3024|4032,cropped
data/labeled/embedder/SMA-F/photo_2026-05-16_CAP_1A052B32-A3FC-4D27-93C4-9F79051D3B76.jpg,SMA-F,yes,0.950,0|0|3024|4032,cropped
data/labeled/embedder/SMA-F/photo_2026-05-16_CAP_1F4DA947-2573-47C1-9982-3CB16129822C.jpg,SMA-F,yes,0.817,0|594|3024|4032,cropped
data/labeled/embedder/SMA-F/photo_2026-05-16_CAP_2534FDD5-A8E7-454B-8306-22EF061CC3F3.jpg,SMA-F,yes,0.872,0|0|3024|4032,cropped
data/labeled/embedder/SMA-F/photo_2026-05-16_CAP_35D1DC50-20F9-40E1-B154-F8216B046D7F.jpg,SMA-F,yes,0.597,0|0|3024|4032,cropped
data/labeled/embedder/SMA-F/photo_2026-05-16_CAP_3E8CF47F-7EB4-415E-8005-4AFE955DADA8.jpg,SMA-F,yes,0.930,0|940|3024|4032,cropped
data/labeled/embedder/SMA-F/photo_2026-05-16_CAP_40ECA518-5935-414A-B23A-9D0FF87538D7.jpg,SMA-F,yes,0.890,0|0|3024|4032,cropped
data/labeled/embedder/SMA-F/photo_2026-05-16_CAP_420064E8-9FEA-49A0-B8A0-B2995E53D6E1.jpg,SMA-F,yes,0.974,0|0|3024|4032,cropped
data/labeled/embedder/SMA-F/photo_2026-05-16_CAP_4A546DB8-0B8C-475A-934C-65C88DCDA3D4.jpg,SMA-F,yes,0.637,0|0|3024|4032,cropped
data/labeled/embedder/SMA-F/photo_2026-05-16_CAP_55268730-F765-44F9-82C7-E55D94EDD0A6.jpg,SMA-F,yes,0.870,0|0|3024|4032,cropped
data/labeled/embedder/SMA-F/photo_2026-05-16_CAP_58903718-B87A-4B70-9BE3-2D7978BF0466.jpg,SMA-F,yes,0.679,0|0|3024|4032,cropped
data/labeled/embedder/SMA-F/photo_2026-05-16_CAP_6E9F6328-5178-44DD-9A2E-3F1F7AC5F282.jpg,SMA-F,yes,0.537,0|0|3024|4032,cropped
data/labeled/embedder/SMA-F/photo_2026-05-16_CAP_7777F02E-999C-4C9F-8A64-4F06BF466C40.jpg,SMA-F,yes,0.567,0|0|3024|4032,cropped
data/labeled/embedder/SMA-F/photo_2026-05-16_CAP_7789E19F-7BFC-44B5-9154-CA7E72D4ED61.jpg,SMA-F,yes,0.696,0|0|3024|4032,cropped
data/labeled/embedder/SMA-F/photo_2026-05-16_CAP_9446CBBD-AC4C-4741-836B-AF5F9AAED1C3.jpg,SMA-F,yes,0.946,0|0|3024|4032,cropped
data/labeled/embedder/SMA-F/photo_2026-05-16_CAP_9585115C-8806-4C65-960F-53EA3D82AA2C.jpg,SMA-F,yes,0.513,0|0|3024|4032,cropped
data/labeled/embedder/SMA-F/photo_2026-05-16_CAP_97367A5D-4DCE-49B2-ABE2-0717826DD9D8.jpg,SMA-F,yes,0.488,0|0|3024|4032,cropped
data/labeled/embedder/SMA-F/photo_2026-05-16_CAP_980F0E2C-4090-4579-9A7F-6B4C6B373E2A.jpg,SMA-F,yes,0.865,0|0|3024|4032,cropped
data/labeled/embedder/SMA-F/photo_2026-05-16_CAP_9E592839-67A6-4D35-A677-DE5F7863E57F.jpg,SMA-F,yes,0.560,0|0|3024|4032,cropped
data/labeled/embedder/SMA-F/photo_2026-05-16_CAP_B2ADA6E0-6D60-436B-BF71-2B511F091C33.jpg,SMA-F,yes,0.901,0|870|3024|4032,cropped
data/labeled/embedder/SMA-F/photo_2026-05-16_CAP_B3E15DFE-10A5-4F4A-86FE-A3A13A340E41.jpg,SMA-F,yes,0.758,0|0|3024|4032,cropped
data/labeled/embedder/SMA-F/photo_2026-05-16_CAP_D52F68C1-499F-4347-9A8F-98AB4F4E94CE.jpg,SMA-F,yes,0.973,0|0|3024|4032,cropped
data/labeled/embedder/SMA-F/photo_2026-05-16_CAP_F062C792-C316-4FCB-B474-66BE1089AFAB.jpg,SMA-F,yes,0.550,0|0|3024|4032,cropped
data/labeled/embedder/SMA-F/photo_2026-05-16_CAP_F14BF1E6-7F74-468A-BECE-F941D0E424A8.jpg,SMA-F,yes,0.956,0|0|3024|4032,cropped
data/labeled/embedder/SMA-F/photo_2026-05-16_CAP_F3F23A92-4A84-4434-A386-0A2389BAB7D6.jpg,SMA-F,yes,0.726,0|0|3024|4032,cropped
data/labeled/embedder/SMA-M/photo_2026-05-16_CAP1083963664233658672.jpg,SMA-M,yes,0.978,0|0|3060|4080,cropped
data/labeled/embedder/SMA-M/photo_2026-05-16_CAP1594037685873405774.jpg,SMA-M,yes,0.980,0|0|3060|4080,cropped
data/labeled/embedder/SMA-M/photo_2026-05-16_CAP1611323884294833965.jpg,SMA-M,yes,0.911,0|0|3060|4080,cropped
data/labeled/embedder/SMA-M/photo_2026-05-16_CAP181415252241864615.jpg,SMA-M,yes,0.933,0|0|3060|4080,cropped
data/labeled/embedder/SMA-M/photo_2026-05-16_CAP3504264536022888273.jpg,SMA-M,yes,0.974,0|0|3060|4080,cropped
data/labeled/embedder/SMA-M/photo_2026-05-16_CAP3555662549109629642.jpg,SMA-M,yes,0.692,0|0|3060|4080,cropped
data/labeled/embedder/SMA-M/photo_2026-05-16_CAP3877711119380082089.jpg,SMA-M,yes,0.919,0|0|3060|3823,cropped
data/labeled/embedder/SMA-M/photo_2026-05-16_CAP3971479582270088711.jpg,SMA-M,yes,0.754,0|0|3060|4080,cropped
data/labeled/embedder/SMA-M/photo_2026-05-16_CAP4479407867748585721.jpg,SMA-M,yes,0.693,0|0|3060|4080,cropped
data/labeled/embedder/SMA-M/photo_2026-05-16_CAP4721904796372703367.jpg,SMA-M,yes,0.941,0|0|3060|4080,cropped
data/labeled/embedder/SMA-M/photo_2026-05-16_CAP5366148335770473615.jpg,SMA-M,yes,0.643,0|3256|3060|4080,cropped
data/labeled/embedder/SMA-M/photo_2026-05-16_CAP554527864568085528.jpg,SMA-M,yes,0.781,0|0|3060|4080,cropped
data/labeled/embedder/SMA-M/photo_2026-05-16_CAP592307969729426630.jpg,SMA-M,yes,0.983,0|0|3060|4080,cropped
data/labeled/embedder/SMA-M/photo_2026-05-16_CAP7120696040128046406.jpg,SMA-M,yes,0.745,0|0|3060|4080,cropped
data/labeled/embedder/SMA-M/photo_2026-05-16_CAP7731014657836587848.jpg,SMA-M,yes,0.834,0|0|3060|4080,cropped
data/labeled/embedder/SMA-M/photo_2026-05-16_CAP789342146712241247.jpg,SMA-M,yes,0.982,0|0|3060|4080,cropped
data/labeled/embedder/SMA-M/photo_2026-05-16_CAP7981161211430841729.jpg,SMA-M,yes,0.562,0|0|3060|4080,cropped
data/labeled/embedder/SMA-M/photo_2026-05-16_CAP8050631874705406795.jpg,SMA-M,yes,0.706,0|0|3060|4080,cropped
data/labeled/embedder/SMA-M/photo_2026-05-16_CAP81745970125367046.jpg,SMA-M,yes,0.887,0|0|3060|4080,cropped
data/labeled/embedder/SMA-M/photo_2026-05-16_CAP8641466850146838762.jpg,SMA-M,yes,0.499,0|0|3060|4080,cropped
data/labeled/embedder/SMA-M/photo_2026-05-16_CAP8685820277857958415.jpg,SMA-M,yes,0.970,0|0|3060|4080,cropped
data/labeled/embedder/SMA-M/photo_2026-05-16_CAP9220915331066641416.jpg,SMA-M,yes,0.893,0|0|3060|4080,cropped
data/labeled/embedder/SMA-M/photo_2026-05-16_CAP_02A4E1EA-C076-4E41-9D72-DDFB28455088.jpg,SMA-M,yes,0.750,0|0|3024|4032,cropped
data/labeled/embedder/SMA-M/photo_2026-05-16_CAP_1CD9BD57-B4AD-427A-9777-0ADF1BE96B25.jpg,SMA-M,yes,0.927,0|0|3024|4032,cropped
data/labeled/embedder/SMA-M/photo_2026-05-16_CAP_2B7E6A28-CC05-4DBB-A68A-AF7CB5E6365A.jpg,SMA-M,yes,0.791,0|0|3024|4032,cropped
data/labeled/embedder/SMA-M/photo_2026-05-16_CAP_2F8B3B16-5420-48A7-99FC-EDF607A8527B.jpg,SMA-M,yes,0.981,0|0|3024|4032,cropped
data/labeled/embedder/SMA-M/photo_2026-05-16_CAP_3101FB2E-8AB4-4A78-9A3F-72538D37C9FE.jpg,SMA-M,yes,0.619,0|0|3024|4032,cropped
data/labeled/embedder/SMA-M/photo_2026-05-16_CAP_39631D1F-DC03-4766-BA7A-D1E69669CAB2.jpg,SMA-M,yes,0.932,0|0|3024|4032,cropped
data/labeled/embedder/SMA-M/photo_2026-05-16_CAP_4A792482-9F91-4293-9970-1E3019813815.jpg,SMA-M,yes,0.409,0|0|3024|4032,cropped
data/labeled/embedder/SMA-M/photo_2026-05-16_CAP_58CDF643-7EE8-493C-80A9-671197014482.jpg,SMA-M,yes,0.976,0|0|3024|4032,cropped
data/labeled/embedder/SMA-M/photo_2026-05-16_CAP_5B6172F2-066E-4695-BB0D-974772059765.jpg,SMA-M,yes,0.708,0|0|3024|4032,cropped
data/labeled/embedder/SMA-M/photo_2026-05-16_CAP_5ED4A965-043E-45DF-B6A4-77E456D09076.jpg,SMA-M,yes,0.901,0|0|3024|4032,cropped
data/labeled/embedder/SMA-M/photo_2026-05-16_CAP_67ABAF25-232C-4096-A98D-64F1D74C0794.jpg,SMA-M,yes,0.935,0|0|3024|4032,cropped
data/labeled/embedder/SMA-M/photo_2026-05-16_CAP_98077C59-A6E3-416A-8CAB-978F96EB9BE0.jpg,SMA-M,yes,0.819,0|0|3024|4032,cropped
data/labeled/embedder/SMA-M/photo_2026-05-16_CAP_9831F57B-F695-49C4-8241-E9BEE2FBCDCD.jpg,SMA-M,yes,0.367,0|0|3024|4032,cropped_lowconf
data/labeled/embedder/SMA-M/photo_2026-05-16_CAP_A0BB70F7-215A-437C-8747-0AFE857D13F0.jpg,SMA-M,yes,0.403,0|0|3024|4032,cropped
data/labeled/embedder/SMA-M/photo_2026-05-16_CAP_A86EA173-054E-49B7-A63E-C0D4DA79E903.jpg,SMA-M,yes,0.966,0|0|3024|4032,cropped
data/labeled/embedder/SMA-M/photo_2026-05-16_CAP_C207274F-A3F0-44FE-BC35-ED9F881A43C1.jpg,SMA-M,yes,0.830,0|0|3024|4032,cropped
data/labeled/embedder/SMA-M/photo_2026-05-16_CAP_D3A75F05-EF45-4D2F-B966-650AD6B60469.jpg,SMA-M,yes,0.612,0|0|3024|4032,cropped
data/labeled/embedder/SMA-M/photo_2026-05-16_CAP_EC3EE34C-33F6-41E9-AB46-E802C5A70FF4.jpg,SMA-M,yes,0.682,0|0|3024|4032,cropped
